仓库名,星标数
gplaurin/keep-talking-and-nobody-explodes-manuel-francais,86
jamiebuilds/isolated-core-demo,27
profelis/overload-operator,27
newghost/redblade,38
furqanmk/NotificationBar,38
ghurl/ghurl.github.io,27
Everpure/wechatforwarder,30
ykhs/github-issue-browser,30
ScreamZ/react-native-true-sight,86
jacobat/fake-resque,27
jonathaningram/angular-cssmodules-example-app,38
kafeman/habrahabr-api-python-client,38
divio/django-cms-explorer,30
ShorTie8/mini_image,27
agateau/colorpick,30
rjenkins/ursus,38
Qxxr86fBjpGetWr/ChouTi,86
joedevivo/hpack,38
Shazwazza/UmbracoLinqPadDriver,27
kiwenlau/compile-hadoop,27
cemmanouilidis/monokai-gnome-terminal,38
logdna/logdna-cli,27
Licenser/lein-search,38
VerbalExpressions/FSharpVerbalExpressions,38
eldarion/gondor-client,38
nigma/django-herokuify,38
gonzojive/deep-learning,27
joshmarshall/tweetwatcher,38
chriskiehl/Burrito-Bot,86
garethr/puppet-docker-swarm-example,30
chdemko/joomla-external-login,30
johansatge/elastic-columns,38
orbyone/Sensible.PredictionIO.NET,27
pingpong-labs/twitter,30
ab93/SIFCM,30
joshuatonga/react-use-fuzzy,86
jenkinsci/seed-plugin,38
nqdeng/YCombo,27
soffes/Canvas,86
bullsoft/php-pinyin,86
dangrover/sf-transit-inequality,86
MaybeRex/Electron-Webcam,38
bilus/om-event-bus,30
bobfamiliar/microservices-iot-azure,38
mkoppanen/php-extsample,86
haslab/Electrum,27
tnzk/Raphael-Radar,27
ggkovacs/node-px2rem,27
solicode/clj-thrust,30
supermihi/gurobimh,27
webbgeorge/php-sqs-tutorial,27
javan/blade,86
cnbeining/Chrome-Data-Compression-Proxy-Standalone-Python,27
desertpy/presentations,38
wangfeng3769/weixin,86
dlikhten/filtered-collection,86
IanTaehoonYoo/semantic-segmentation-pytorch,86
crushlovely/Sidecar,38
hellowebbooks/hellowebapp-ic-code,27
layervault/jquery.image.fadeto.js,38
nathanhoad/maneki,27
rothnic/anaconda-notebook,86
maxfierke/WaterCooler,30
luyongfugx/seamSearch,86
Vinai/VinaiKopp_ProductCategories,30
cavendish-ldp/cavendish,27
kailoa/6tringle-touchsamplecode,38
michidk/Aseprite-DarkFlat-Theme,30
yoshuawuyts/npm-install-package,30
scylladb/cassandra-test-and-deploy,30
dtinth/synchroscope,86
acharroux/Movidius-On-MacOS,86
matteocng/react-flag-icon-css,86
kennel209/owasp-testing-guide-v4-gitbook,30
sketchings/oop-basics,30
bmavity/ges-client,30
bstopp/puppet-aem,30
rcrandall/ChanVese,30
codenvy-legacy/ide,30
informationextraction/core-android-native,27
lmk123/webpack-boilerplate,27
candyforchris/CLOverlayKit,27
songgao/bufferManager.go,38
dikonov/Universal-Dictionary-of-Concepts,27
constantine-ivanov/strings-xml-tools,38
plumk97/Chat,86
Steve132/ubj,27
noppefoxwolf/NFXTourViewController,30
appdotnet/object-metadata,30
iot-works/iot-android,38
FireDrunk/ZFSmond,27
adamgordonbell/attribute-based-caching,30
cmck/pybrowserstack-screenshots,27
youknowriad/authenticate.js,38
UniversalAvenue/TiCrosswalk,27
hugowetterberg/folding,38
fguillen/MDMagick,86
CyanogenMod/android_external_e2fsprogs,30
jmeter-templates/wordpress,27
router5/redux-router5,86
migurski/modestmaps-as3,38
ataka/ls2xs,38
sahands/python-totp,30
jcoglan/jstest,38
mcommons/legislative-lookup,30
xpressengine/laravel-korean-docs,27
wechatui/onepx,27
malukenho/MigrateDB,30
lorenbrichter/record-screen,30
jamesplease/router-comparison,38
RevolutionAnalytics/plyrmr,38
brentp/quicksect,30
rkh/sinatra-advanced-routes,38
view-components/grids,86
idan/django-fuzzydt,30
Cedric-Xuan/SNSNotificationBadge,86
googlearchive/appengine-i18n-sample-python,30
rocketseat-content/youtube-style-guide-javascript,86
PolymerLabs/polyicon,30
erica/datatube,30
mhess126/usda_national_nutrients,30
interactivethings/gsheets,86
thebitcave/divine-proportions-toolkit-for-photoshop,86
bigspaceship/blocker,27
choppsv1/homebrew-term24,86
hammerlab/sosa,27
autodesk-cloud/ochonetes,30
EIrwin/stubble,38
d-rep/URL-Shortener,30
mongogis/mongodb-gdal-driver,27
elvismercado/meteor-raix-push-demo,27
tomohisa/SwiftSlackBotter,27
ellson/MOTHBALLED-webdot,86
InfyOmLabs/coreui-generator,86
tamnd/spambot,27
mjhea0/node-express-ajax-craigslist,38
aidaan/bbedit-swift-language-module,30
noflo/noflo-core,38
clebert/r-pi-usonic,27
Shyri/MaterialToolbar,30
NikolaDespotoski/BottomNavigationLayout,38
hasura/kubeformation,86
mdorn/proose,38
KL-Yang/mbl-linux-4.0,27
ChrisPenner/LumberJack,38
ksoichiro/material-design-colors,30
anismiles/jsdom-based-screen-scraper,38
davybrion/Agatha,86
coleww/cat-me,27
kuailejim/demo,38
timsutton/aamporter,86
ember-m3/ember-m3,86
henriquesosa/electron-intro,27
kevinsuh/toki,27
SublimeLinter/SublimeLinter-coffeelint,38
SoftwareDefinedBuildings/smap,30
owenthereal/negroni-gorelic,27
cvee/node-upstart,86
cucumber-attic/cucumber-rails-training-wheels,27
mrblueblue/react-native-oauth,38
nicolaslopezj/react-meteor-data,38
AydinHassan/m2-opcache-monitor,38
seongminwoo/study,30
Octo-Labs/easymarklet,30
mrosset/go-git,86
mikelevins/taps,38
leozdgao/react-markdown,86
steinim/gcp-terraform-workshop,86
eteran/quixey,27
Pay20Y/SAR_TF,86
frogermcs/Dagger2Recipes-UserScope,86
sabel83/metaparse_tutorial,30
razerdp/PhotoContents,86
tvcutsem/erlang-mapreduce,27
daniellmb/SharpSpin,38
masonmark/Dash-Board-for-Newton-OS,86
sjl/bookmarkdown,30
ch0psticks/ROP-without-Return-on-ARM-android-,27
CatWang/OCR-Picture-Generators,38
cs136/seashell,38
DASPRiD/Formidable,27
danyaljj/constrained_clustering,27
allenai/tuffylite,27
radoondas/elasticbeat,30
sensu/sensu-admin,86
veryyoung/crack-capatcha,30
reconbot/backbone-singleton,27
nabuk/NSlice,30
toseefkhilji/TKGallery,38
amberbit/prawn-fast-png,30
bryceg/servicenow-dts,30
Kitware/cumulus,27
daeken/Zookeeper,30
pkgw/tex-stuff,27
leap-ai/draw-it,86
kkdai/beacon,27
lihw/FutureInterface,27
slodge/BallControl,38
Chinamobo/iOS-Project-Template,38
st3fan/SadMacScreenSaver,86
grmlin/gremlins,38
hplgit/hplgit.github.com,27
Ciechan/NSMutableArrayExplorer,30
npflood/AWS-SNS-HTTP-PHP-ENDPOINT,38
feedindicator/Feedindicator,38
AppTree/ios,86
GetStream/Stream-Example-Rails,38
BretFisher/slack-signup,27
Georgynet/Blog-Yii2,38
sarpdorukaslan/solid,30
twerdster/iPTAM,86
lgvalle/Beautiful-Photos,30
f5io/bonobo-js,38
francisypl/mineranker,38
googlearchive/adaptive-ui-patterns,27
jgallen23/clientside,27
alexisvincent/systemjs-hmr,27
JohnMurga/atom-portable,38
robertlevonyan/permissions-flow,86
tototoshi/play-flyway,86
collectiveidea/merger,30
SeniorZhai/LineLayout,30
mattn/emoji-vim,27
JackTeam/XHTextField,86
cternes/slackspace-angular-spring-keycloak,38
tualatrix/LinuxNativeNotification,38
asengupta/duck-angular,86
matthewwilson/OBDSim,27
Gandi/dnsknife,30
sensu-plugins/sensu-plugins-network-checks,30
noqcks/alpine-hubot,30
OHIF/react-viewerbase,86
majker/cmsblogs,86
logicx24/SubredditRecommendationEngine,27
fedecarg/jquery-paginate,38
moeoverflow/PixivForMuzeiPlus,38
Labmem003/README.md-Sample,27
uncleLian/vue2-health,86
kyungw00k/nightmare-webrequest-addon,27
imjasonh/nopullrequests,27
BatuhanK/BeyinJimnastigi,27
elisehein/Pageturner,86
Angstrom-distribution/angstrom-manifest,30
SeongUgJung/GDG-ATSL-ON-MVP,27
flycodepl/mi-band-firmware-analyse,27
grimmdude/jQuery-menuFlip,38
suchowan/watson-api-client,27
datariot/meteor-ganalytics,86
ihumanable/prosper-lib,30
APSL/react-native-navigator-wrapper,30
vinta/django-email-confirm-la,30
drewisme/authorizesauce,86
ludohenin/ng2-wp-blog,86
codeigniter-jp/ci-ja,38
yappkahowe/scrumboard,38
Dataman-Cloud/Mesos-CN,86
kayahr/console-shim,86
AvisoNovate/logging,27
follesoe/VSMonoTouch,86
praeclarum/CSharpInteractive,30
adrianhall/stylelint-loader,38
portmobile/LAGP-Example-Code,38
f4pga/ideas,86
nteetor/prairie,86
Pixens/Discord-Token-Mail-Verifier,86
Docker-nano/template,30
uloga/socialicons,38
royrusso/jwatch,30
oscar-stack/oscar,86
duythien/blog,30
bennofs/reflex-host,30
tonkapark/spree-wordsmith,27
mpayetta/node-es6-rest-api,38
red3/HHPullToRefreshWave,38
floodlight/oftest,86
HSU-ANT/beaqlejs,86
omarish/tweetable,86
CodeTownOfficial/html-to-elm,30
oh-my-github/oh-my-github,38
SongJiaqiang/EvoRadio,86
samtstern/android-vagrant,86
sandermangel/magento-dummy-installers,38
kxcode/gui-for-sqlmap,38
Hankkin/WeiXinLookImgsDemo,38
amazingyyc/fasted_gauss_blur,30
Dirrot/python-cryptocoincharts-api,27
szpnygo/android-SwipeRecyclerView,38
wen-fei/KaggleOrOthersJourney,86
swemoney/has_many_friends,30
xat/torrentcast,27
crysislinux/smart_websocket_client,38
shenqiliang/WGS2Mars,86
ethanrublee/streamer,27
jaredhanson/passport-tumblr,30
thomasthesecond/EntryInstructions,30
Stephan3/Schnitzelslicerrepo,86
jmschabdach/bootstrap-tabdrop,86
clojure-vim/clj-refactor.nvim,38
snlangsuan/line-messaging,38
oktadev/okta-spring-boot-2-angular-7-example,86
facebookarchive/extension-example,30
MrChrisJohnson/deep-mf,38
phodal-archive/bookshelf,30
jeffreykegler/old_kollos,30
sipcapture/homer-api,27
ZacSweers/RxNormalize,27
tamsler/android-flash-cards,27
fex-team/kitycharts,30
ogham/Rust-BBEdit,38
bottlepy/bottle-boilerplate,30
mirthas/FritzTR064,27
farizrahman4u/RNN-EM,38
probabilisticai/probai-2023,86
meetwudi/EmbededReactNativeExample,86
gera2ld/h5player,30
kendo-labs/kendo-backbone,86
RichardKnop/example-api,27
marcinn/django-widgets,30
drejohnson/sapper-graphql-firebase,86
romannurik/env,86
tothi/ctfs,27
topfreegames/khan,30
krisajenkins/formatting,38
rowatt/sitepush,38
hipsterjazzbo/LaraParse,27
toniblyx/security_monkey_cloudformation,27
genekogan/ofxPwrrPoint,30
voronianski/dumbugger,38
dainnilsson/flask-u2f-tutorial,27
bittorrent/libbtdht,38
duststorm/OgreCrowd,38
marionettejs/guides,27
nubbel/SexyDates,38
flyerhzm/resque-restriction,86
toby20130333/qtquickqrencode,30
madhums/node-notifier,86
briansjavablog/spring-webservices-tutorial,30
DaVikingCode/Video-ANE,30
amatsuda/interactive_rspec,86
sskaje/mqtt,86
aws-samples/eb-docker-virtual-hosting,30
mdancho84/datasciencecoursera,30
bustle/ember-mobiledoc-editor,86
ashblue/simple-tween-js,27
atilaneves/automem,86
RedBearLab/Release,38
wilecoyote2015/Blender_Addons,38
PengFoo/deep-learning-cn,38
openvstorage/framework,27
brandones/cumberbatch,27
anysome/objective,27
cecilphillip/aspnetcore-webapi-migrate,30
javahometech/my-app,86
zasadnyy/z-validations,38
ddeville/lldb-commands-cheat-sheet,27
negati-ve/docker-rclone-google-drive-cron-backup,86
omniauth/omniauth-openid,86
rosskukulinski/k8s-scripts,86
martyjs/marty-chat-example,30
asofter/yii2-imperavi-redactor,86
jonmorehouse/vim-flow,30
yinso/excanvas,30
blundell/YouTubeTimeStamps,30
dlabs-devops/soter,86
emn178/jquery-animations,30
florianbuerger/awesome-sket.ch,38
scivey/xact,86
statico/webgl-demos,30
xiidea/ezRbac,86
tue-savvy/IPAExporter,38
seflless/atom-diagrams,38
naoty/clr,27
alexbeletsky/foundstyles,30
onlysadness/Model,30
erica/MPMediaItem-Properties,27
PolishSymfonyCommunity/Symfony2MockerExtension,27
modcloth/hipchat-emoticons,27
MeltwaterArchive/editor,86
lastguest/DynamicString,27
ronalchn/ajax_pagination,38
artesaos/warehouse,86
zhshi/d3js-footprint,27
BAHome/BAGridView,86
dorkster/freeblocks,30
puneetkay/JQ-Image-Drag,38
JedWatson/react-context-example,27
runexec/Static-Prime,86
LetsLunch/lunch,38
nervous-systems/eulalie,86
AbdullahGhanem/rating,86
eriklax/c8tsender,30
MobileChromeApps/mobile-chrome-app-samples,86
pNre/NoAnnoyance,38
degt/Codeigniter-HMVC-example,27
floydpink/Mantis-CI,30
PeterCxy/gozbar,38
iankronquist/kernel-of-truth,30
nobodxbodon/Web-Fonts-Generator-Service,27
slightfoot/android-animatedscaledrawable,38
anarcheuz/Android-PoCs,27
