仓库名,总和
google/cluster-insight,36
PearOCR/pearocr_issue,81
Qihoo360/blackwidow,92
rubenmak/PokemonGo-SlackBot,205
traject/traject,220
kennethjiang/OctoPrint-Slicer,225
dart-archive/dart-up-and-running-book,233
aws-samples/amazon-cognito-developer-authentication-sample,247
intel/ros2_object_analytics,273
antvis/SAMJS,337
nodejs/website-redesign,405
nkkollaw/zubr,506
aws-samples/amazon-cognito-developer-authentication-sample,520
intel/ros2_object_analytics,546
nodejs/website-redesign,614
nkkollaw/zubr,715
gita/Bhagavad-Gita-AI,812
zeelog/android_device_xiaomi_mido,817
Azure/azhpc-images,820
opentok/one-to-one-sample-apps,915
node-modules/coffee,943
mondaycom/monday-ui-style,985
facebookresearch/fbpcp,1034
sweng-epfl/public,1052
