repo,innovation_score
src-openeuler/perl-Pod-Coverage,0.0
src-anolis-os/libgpod,0.0
databricks/pileup.js,60.6061
opensearch-project/documentation-website,0.0
SHAZzZ97/GitDemoRepo,0.0
SENAI-Morvan-Figueiredo/ClinicaVolkmann,0.0
RavenProject/ravenproject.github.io,64.9351
marwankau/cpit210-activity-3,0.0
J3LopezL/sanbryjoha,0.0
eielelle/gradify-web,0.0
mosn/configure,0.0
intercom/intercom-cordova,66.8896
leenlab2/reminiscence,0.0
AliyunContainerService/ackdistro,27.027
gustavoromito/eng-project,0
rapid7/pcaprub,0
kitab-bazar/server,0.0
Bogdawaa/iOS-FakeNFT-StarterProject-Public,0
372dev/CultureMate,0.0
krystianklimczak/teamproject-html-css-anemone,0.0
src-openeuler/crash,0
src-openeuler/python-flake8-polyfill,0.0
HarmonyOS-tpc/MaterialProgressBar,0.0
src-openeuler/jbossws-parent,0.0
src-openeuler/openstack-neutron-vpnaas,0.0
ViveportSoftware/pc-lib,71.4286
temty180447/Calculator_-,0.0
justinberg97/digital-wine-cellar,0.0
takamuu/obento_takeout_app,0.0
AIIT-OikawaPBL-2023/slack_bolt_sample,0.0
flowriteapp/flowrite,0.0
gasashi/freemarket_sample_65a,0.0
kubevirt/demo,0.0
Pray2U/Algorithm-Study,0.0
Ureca-team-for-Miniproject/URECA-Cinema,0
navikt/tilleggsstonader-sak-frontend,0.0
NikolaySavenko/bignum-wizard,0.0
phrack/ShootOFF,0.0
Azure/azure-functions-vscode-web,0.0
Codubee/FoodFiendsMW5-6,0
src-openeuler/nodejs-set-immediate-shim,0.0
src-openeuler/glassfish-jsp,0.0
src-anolis-dde/kde-settings,0.0
SimonStevns/gruppe14sp2,0
ngaut/unistore,400.0
aemsites/vg-roadchoice-com,104.1667
apache/sling-org-apache-sling-validation-test-services,0.0
butlerch/Capstone_2022_2023,0.0
zukva/krokodiller,0.0
IBM/dap-blueprint,0.0
couchbase/docs-mobile,0.0
YandexPraktikumDublin/PotatozationOfMars,28.8184
awsdocs/aws-java-developer-guide,0.0
apache/sling-org-apache-sling-validation-api,0.0
hellt/vrnetlab,0.0
eclipse/emf-query,142.8571
Hack4Impact-Princeton/alp-portal,147.0588
sf-wdi-26/homework,0.0
codemonkeyspoon/Social-Revue,0.0
jenkinsci/byte-buddy-api-plugin,0.0
src-openeuler/perl-MemHandle,0.0
youheikawaguchi/closet,0
RedGarage/Beto,0
pigskin/kodi-gamepass,60.9756
CodeYourFuture/JavaScript-Core-1-Coursework-Week4,0.0
Kurash1/FantasyWorld,0
Weasyl/weasyl,0.0
prometheus/client_java-benchmarks,0.0
astronomer/astro-blog,0.0
linamacromer/TripTip,0.0
ShinhanETS/ets-demo,0.0
Adi8080/Hactoberfest2021,416.6667
The-POS/The-POS-Flutter,0.0
hp77-creator/test-git,0
borisumss/LongOldLivePlus,160.0
cloudfoundry/bosh-psmodules,0.0
Akanksha1212/C_Programs,275.2294
Victor-CapstoneEOI/EOI-Capstone,44.6429
pobluesky/customer-inquiry-system,0.0
NixOS/ngi0-infra,0
src-anolis-os/qt5-qtbase,0.0
src-openeuler/python-kickstart,0.0
opencloudos-stream/python-vine,0
src-anolis-os/wxGTK3,0.0
WishMarket/WishMarket-BE,0.0
Anuja-2000/article-topic-platform,0.0
Tellyou6bu6/CSE-442-Project,0
accesscode-2-2/unit-2-hw-1,0.0
ucuapps/robert,0.0
DigitalKampong/dk-api,0.0
ByunMinJae/KH_Front_Project,0
pnumin/K-digital-2024-7,0.0
linusalpsten/Skolpatrullen,0
macro161/PSK,0.0
JoeyChiou/B20150318,0
scm-spain/boros-tcf,59.5238
abdalazeezS/git-session-task,160.0
tamuratak/LaTeX-Workshop,0.0
uksaha77/recipe-hub,0.0
ironhack-labs/lab-javascript-vikings,32.1285
CommunityHub-Qro/queretaro-si-sonrie,0.0
AY2021S1-CS2103T-F11-2/tp,0.0
jktemple/Untitled-Parkour-Game,0
ElizJogar/UNN-C-Style-Checker,18.5185
globalbrain/sefirot,0.0
ItAcademy2023/Java_oop_basics_part_one,273.9726
YoussefAlmardini992/Impala-gymnastiek,0
p0x6/holberton-react-workshop-homework,0.0
brandonscholten/HIC-DB-2024,0.0
cmss13-devs/cmss13,37.7358
uprm-inso-4116-2020-2021-S1/semester-project-team-b,0.0
RaheemBux/super_market_store,0
UGS-GIO/forgeApp,0.0
matrixorigin/CI,0
HSKE-Streaming-Server/media-streaming-server,0
JC47-TeamMajesty/majesty-space-tours,0
Shining-Jicheon-Stars/yjg-dart-flutter-frontend,208.3333
OCR-D/core,0.0
MayurDeshmukh10/Sudoku,0.0
gti525/h19-passerelle,0.0
opencloudos-stream/asio,0
openeuler/intel-qat,0.0
src-openeuler/perl-CGI-Simple,0.0
OleksiukStepan/library-service-api,42.9185
hanaro-3rd/frontend,0.0
epfl-si/PhDAssess,0.0
yudhiesh/week1-devops,136.0544
andela/caret-bn-backend,0.0
quanteda/quanteda.org,0.0
grafana/stackdriver_exporter,11.236
aws-samples/ec2-classic-resource-finder,15.5763
Dagorik/git-clase-master,0
pagopa/pn-radd-alt,0.0
fegemo/cefet-web-weblot,0.0
ARM-software/psa-arch-tests,35.5872
hclgopalsingh/content,0
diegoew/gas_monitor,0.0
GroupACEN3031/Sprint1,0
mate-academy/py-tickets-and-orders,0.0
raghunat/fall-2018,0
opencloudos-stream/mobile-broadband-provider-info,0
src-anolis-os/python-cloudpickle,0.0
src-openeuler/python-werkzeug,0
praktikum-pl-ife-2016/soal6,0.0
swiftinsg/About-Us-2022,0
open-horizon/open-horizon-release,76.3359
asterinas/lmbench,0
stfc/xrootd-ceph,0
dsc-sookmyung/2024-02-Android-Study,0.0
thedavidmeister/dim-valley,0.0
SaltyQuetzals/picachu,36.9004
Azure/enterprise-chat,0.0
estevez-dev/ha_client,0.0
13Blackmagic/What-we-drinkin,0.0
enpitut2018/hakohugu_winter,0.0
Ana-vitoria-nunes/PagueCerto1,0.0
GiliazovaPullrequests/VersionControl_Seminar3,0.0
reprograma/on20-tet-s5-logica-js,0.0
notweuz/FNF-OSEngine,56.338
skyboy/MineFactoryReloaded,0
src-openeuler/xfwm4,0
src-anolis-os/perl-HTTP-Message,0.0
src-openeuler/ghc-zip-archive,0.0
src-openeuler/libiodbc,0.0
kaygar86/team_12_project,0.0
RahafB/bash_basics,0.0
go-kratos/go-kratos.dev,0.0
Piotr-Glab495/SportEventManager,0.0
lawrencemsteven/BFBB,0
tuwaiq-ios/day62-lab1-coredata,0.0
ferdium/ferdium-recipes,0.0
zeca9189/2016SpringCSE406,0
Computational-Content-Analysis-2020/Readings-Responses-Spring,0
beatlink-epfl/beatlink,0.0
silvam22/workout_tracker,140.3509
CodeTheDream/TFA-lesson-bank,53.1915
intive/patronage22_poznan_js,0.0
openstack-k8s-operators/install_yamls,0.0
lassiterda/project-3,0.0
emqx/emqx-terraform-docs,0.0
src-anolis-os/s390utils,0.0
GuillaumeGomez/test-rust-docs-ui,0.0
Nienkedn/Nieuwsanalyse8,0.0
WilliamDodds123/NoMeaslyFeat,0
WDI-SEA/Sample-Project-Git-Workflow,245.9016
branoholy/update-files-action,0.0
khanhdx/DATN_WD_08_FA24,0.0
yasatr/PSS_capStone_E-Learning,0
web-building-blocks/shadcn-ui,0.0
Fifis-Organization/Brocoli-se,0
AusTINCANsProgrammingTeam/2022Swerve,1666.6667
TelRanTest/TelRunGit,0.0
capstoneteamb/capstone360,0.0
jina-ai/executor-text-laser-encoder,0.0
TelerikAcademy/JavaScript-OOP,0.0
tapaswenipathak/Internship,0.0
grafana/astradb-datasource,60.9756
mozilla/srg-pre-crawl-utils,0
puppetlabs/waitfor,0.0
HarvestHaven/TPOT-Next,34.6021
src-openeuler/ros2_hls_lfcd_lds_driver,0.0
src-anolis-os/perl-Devel-Cycle,0
src-anolis-os/perl-DateTime-Format-Builder,0.0
opencloudos-stream/perl-XML-NamespaceSupport,0
Halium/docs,0
aws-samples/lambda-web-scraper-example,0.0
APisDriven/gitPayd,0.0
lsalluri/myfuel.ai,0
221230pm362/semiRepo,0.0
elastos/Elastos.ELA,0.0
shrubjc/bjc-tech,0
manabie-com/togo,0.0
AY2021S2-CS2103T-W13-3/tp,0.0
algorithm006-class02/algorithm006-class02,0.0
EfficientElephants/project2020,61.7284
V-Sekai/v-sekai-game,44.2478
laysgabrielle/biblia-em-ordem,0.0
metabase/sdk-kotlin-spring-be-example,0.0
department-of-veterans-affairs/cql-transpiler,0.0
Fenshway/itsc-4155-project,0
openkylin/libio-stringy-perl,0
src-anolis-os/libid3tag,0
src-openeuler/ghc-cookie,0.0
ub-cse442/election-and-data-sci,52.9101
UCL-MPHY0021-21-22/average_squares,0
m16u3l/asignacionDeTribunales,0
UEHMonQAQC/23_902,0
bnajafi/BuildingSimulationProject_Polimi_TES,0.0
gracexcabrera/Shadowed,144.9275
CSCI3308-Fall22/CSCI-3308_Group_Project_Team_015-01,0.0
Guptacos/spotifython,0.0
ayushpreenza07/SalesforceAutomation,0.0
WSO2Telco/component-dep,0.0
zzooong2/TeamProject_VibeVillage,0.0
CSID-DGU/2021-1-OSSP1-GONGSSOCOOL-3,0.0
Ferlab-Ste-Justine/clin-pipelines-dags,80.0
learn-co-students/html-issue-bot-9000-vfa-2018-v2,0.0
sd16spring/TextMining,0.0
CS2103-AY1819S1-T09-3/main,0
mkulesh/onpc,0.0
src-anolis-os/python-sphinxcontrib-devhelp,0.0
rabbitmq/rabbitmq-prometheus,40.0
toku-sa-n/antei,0.0
asrjccp/perse24,0.0
develhope/Java17-Team2-Dealer,41.3223
DeadlineShooters/Ads-Management,0.0
calblueprint/chinese-newcomers,43.29
TeamStoic/StoicChess,0.0
hacktoolkit/django-htk,0.0
apache/apisix-website,0.0
MovieBook-2/moviebook,0
aws-samples/aws-genomics-workflows,32.8947
bbangHo/condingTest,0.0
Beleguic/ChallengeStack2,0.0
CTQPuebla/JavaSept22,0
aws-ia/cfn-ps-amazon-redshift,0.0
koorukuroo/pda_5th,0
joinpursuit/9-1-module-three-assessment,21.1416
aiscience-22/UA_War,0.0
kaltura/swiv,0.0
openkylin/i2c-tools,0
src-openeuler/perl-Date-Simple,0.0
6tail/lunar-go,0.0
cod3ctq/javaAgosto24,0
JungWook87/MovieSourcing,0
bestmealever/Thebestmeal_Spring,0.0
ces-huynguyen/liferay-portal,0
firsttris/plugin.video.sendtokodi,0.0
datastax/astra-streaming-docs,0
aurnabdas/CapStone-Film-Analyzer,0.0
Gatis1/ZDZU,0.0
aayushi-droid/Python-Thunder,235.2941
MyungJiwoo/AJD-algorithm-study,0.0
afifudin24/FinalProjectPMO-OK,217.3913
puppetlabs/puppetfile-check,0.0
learn-co-students/sinatra-fwitter-group-project-online-web-sp-000,0.0
hyekyung-oh/LIVE_BOOK,0
ICEI-PUC-Minas-PMV-ADS/pmv-ads-2024-1-e3-proj-mov-t2-farmaonline,0.0
lamassu/lamassu-server,303.0303
njwhites/checkin,49.7512
src-openeuler/lxshortcut,0.0
src-anolis-os/grilo,0.0
AdrenalinV/lk_loyality,0
trejoRogelio/mobile-programming,0.0
DuyLong27/DuAnTotNghiep_SD111,0
middle-Atlantida/Battleship-Atlantida,0.0
azkaban/azkaban-plugins,0.0
netlify/dbt_greenhouse,17.3913
svetlemk/Stellan_Sprint2B28,0
assist-1/lab11,0.0
quanzhanying/jdstore,0.0
morpht/convivial,533.9806
lilkxst/iOS-FakeNFT-StarterProject-Public,0
Kitura/Kitura-net,0.0
dankelley/oce,52.9101
newrelic/docs-website-i18n-phrase,322.5806
LiminalVR/LiminalSdk-UnityPackage,0.0
bytedance/trace-noschedule,0.0
Fruitfella/ROBOT-binary,116.0862
freshworks/marketplace-sample-apps,139.8601
DevDmitriy/git-lesson,312.5
auddus16/KimHwangBaeStreet,0.0
asharma8602/Introduction-to-Deep-Learning-and-its-Applications,0.0
ironhack-labs/lab-javascript-chronometer,0
2-2-22/rolling,0.0
kst6294/wanted-preonboarding-challenge-backend-20,0.0
ProyectoIntegrador2018/conexion_tec_2,0.0
Boonapart228/AndroidQuestionsApp,0
Ndani-Technologies/greenme-fe,0.0
ktminks/CEN3031SPR23,0.0
brainsum/c2distro,0
SetProtocol/set-protocol-v2,0.0
helpcrunch/helpcrunch-symfony,0.0
gogaille/blog,0.0
CodeClouds-Guru/99ventures,0
intel/processwatch,0.0
iman-salmani/iplan,0.0
Tereneckla/wotlk,125.3918
leftshiftone/conveyjs,353.5354
anhquan14072002/IT_LEARNING_WEBSTIE_FE,0
opencloudos-stream/ocaml-cppo,0
Natal1a-Chuklina/java-filmorate,0.0
ucsdlib/dams5-cc-pilot,75.7576
Mozcalti/GamingPlatform,0.0
electron/universal,0.0
cucapra/dahlia,0.0
buuhuu/maruti-playground,111.1111
DSC-UTMap/utmap-website,0
hassio-addons/addon-traccar,0.0
mystic-ai/pipeline,22.7273
Btotals/whereIs,0.0
SAP-docs/sapui5,72.4638
Qihoo360/XLearning-XDML,0.0
minallaad/SER517-Capstone---Project-10,0.0
ICEI-PUC-Minas-PMV-ADS/pmv-ads-2023-1-e1-proj-web-t15-e1-proj-web-t15-time4-projlivroapp,0.0
ucsb-cs184-f24/team10AlcTracker,35.9712
HSE-CS/Test,0.0
FundIngSoft2021-10/phoenixWear,0.0
Hunter2065/ChewiTest,0.0
patronusv/bookreading-client,0.0
src-openeuler/perl-parent,0
openkylin/libopenmpt,0
src-openeuler/ifm3d-release,0.0
ethereum-optimism/op-analytics,0.0
wizelineacademy/itesm-socioformador-ago-dec-2023-team-03,30.6748
mariusbalcytis/webpack-bundle,44.3787
nrfconnect/nrf_wifi,0
dojo/docs,0
fglaw/repaired,49.7512
Servond/jcwd220202,0
CMPUT301F22T19/DietScoop,0.0
Team-Cartographer/SUITS-2024-LMCC,0.0
pagopa/p4pa-payhub-activities,0
lookiesmu/LOOKIE_BACK_2022,0.0
abrinckm/TE-Performer-App,0.0
nnstreamer/nnstreamer-windows-resource,0.0
n8n-io/codemirror-lang-n8n,175.4386
emqx/NanoSDK,0.0
ODOICHON/frontend,0.0
summer-troopers/better-moodle-ui,117.6471
openkylin/libclass-method-modifiers-perl,0
src-openeuler/libsvm,0
HarvardWestlake/CapitolClash,0.0
CEN-Project-Group-2/Bookstore-API,86.9565
rudderlabs/rudder-transformer,0.0
iotaledger/entangled,0.0
at-android/2016-k2-training,0.0
libsdl-org/tremor,0
PeterFiorentino/Choral,85.3242
cardano-lightning/cardano-lightning,0.0
CMU-17313Q/fall23-nodebb-inshallah-a,26.8097
bandprotocol/chain,0.0
ironhack-labs/lab-css-spotify-clone,0.0
BoutSoftware/PadronDigitalPAN,0.0
brianchandotcom/liferay-docker,0.0
DariaSavchenko12/SymundCloud,0
sad-cow-png/Shared-Spaces,49.3016
cedelabs/ccxt,54.4662
Deepwarrior/axolotl,0.0
KSigurd/KROLF-household-app,37.1058
opencloudos-stream/libXext,0
src-anolis-sig/noslate-anode,0.0
src-openeuler/python-fabulous,0.0
src-openeuler/python-baluhn,0.0
jina-ai/executor-glb-crafter,0.0
tbriany/Carry,80.6452
OHIF/react-vtkjs-viewport,105.2632
EsreverWoW/ShestakUI_Classic,0.0
cockroachdb/readline,0.0
Arquisoft/radarin_en2a,0.0
commitay/homebrew-cask,135.7466
DUNE/dune-tms,0.0
pintheworld/pintheworld,0.0
hanfel-dovned/Skyview,0.0
geocollections/geokirjandus,0.0
OPEN-ENT-NG/support,0.0
Jeff-Paul-Greco/Project-2,0.0
kimtaeyeon04/TeamPro_5-frontend,0.0
cjswn10/Blank_mobile,0.0
rubyforgood/discourse-ticketing,0.0
src-openeuler/python-scripttest,0.0
src-openeuler/xprop,0.0
opencloudos-stream/ocaml-calendar,0
SociallyCompute/MizzouSENG,0
harvard-library/archivesspace,78.7402
IBM/Voice2Series-Reprogramming,21.9298
mozilla/thimble-homepage-gallery,0.0
etherealgloriaw/ae86-team-car2share,9.0744
bjornblissing/osgoculusviewer,0.0
olumayor99/Kadivi,0.0
wso2/apim-apps,22.2717
manabr0w/DB_COURSE_WORK,0.0
JananiVijaykumar/BJC-Teacher-Tracker,68.2594
ishandeveloper/Coursify-hacktoberfest,28.169
aws-ia/cfn-ps-cisco-duo-network-gateway,0.0
mahdiguermache/transition,42.2535
trackstarhq/documentation,0.0
sul-dlss/dor_indexing_app,0.0
airbnb/lottie-spm,0.0
blockchain-jd-com/jdchain-indexer,0
src-openeuler/xacro,0.0
src-openeuler/python-smartypants,0.0
src-openeuler/perl-XML-Tiny,0.0
ivergil/grocery-list,0.0
jenkinsci/javax-activation-api-plugin,0.0
SergioAlejandroM/Proyecto-NYC-Taxis,0.0
CUWesternBlister/CommunityReviews,0.0
AvengersTraining/pets-nuxtjs,0.0
DuendeSoftware/docs.duendesoftware.com,0.0
FilipRechtoris/git_workshop_wta12,0.0
jonathanParamo/storageAdministration,0.0
simibubi/Above-and-Beyond,0.0
hashicorp/waypoint-template-go-protobuf-api,0.0
srinibasbiswal/HacktoberProfile,0.0
heettae/TravelInMap,0
wlk-dev/shift-tracker,0.0
ferrolho/feup-ldso,0.0
newrelic/newrelic-infra-checkers,416.6667
tothbence9922/Heartloc,0.0
hyperledger/iroha-javascript,40.6504
opencloudos-stream/smartmontools,0
openharmony-sig/flutter_pdfview_will_delete,0.0
openkylin/libtest-memory-cycle-perl,0
alaingilbert/pyogame,10.6496
CS3219-AY2425S1/cs3219-ay2425s1-project-g06,0.0
LikeLion-11th-Domtory/Domtory_Server,0
microsoft/.github,0.0
RaterWebsite/Rater,0.0
adobe/parliament-source-jsonschema,0.0
klaseskilson/vattentornet,74.0741
DeclareDesign/estimatr,0.0
math-sousa/Lost-and-found-pets,0.0
clojars/administration,0.0
OpenLiberty/guide-liberty-deep-dive-gradle,0
StellarisW/cwgo,0.0
Azure/ADME-Solution-Accelerators,0.0
fatimatechcampus/TechCampus-Three,0
joinpursuit/css_grid_exercise,0.0
arsh459/Quora-Cloning,0.0
instructure/terraform-aws-ec2-autoscale-group,8.2781
src-openeuler/nodejs-spdx-license-ids,0.0
src-openeuler/catfish,0
src-anolis-ai/python-srsly,0.0
opencloudos-stream/iputils,0
LikeMindsCommunity/likeminds-chat-reactnative,0
bxhsiman/BUPTSmartCarLearning,0
mbrewer05/csc307-team3project,100.5025
progedu/pull-request-training,0
ameliarahman/second-meeting,0
ds-ga-1007/assignment8,0.0
Molnes/Nyhetsjeger,0.0
EugTech/king-pong-plan-2019,0.0
tryyang2001/CS3213-Frontend-Management-System,0.0
ICEI-PUC-Minas-PMV-SI/pmv-si-2024-1-pe1-t1-nafaixa,0.0
fe-jul22-team10/project_nice_gadgets,48.7805
gb-babybaby/baby-baby,0
commons-stack/ABCswap,0.0
voorhoede/code-class-ci,0
microsoft/aitour-unlock-value-with-copilot,0.0
vention-js-lab/ventioners-stayhub-backend,0.0
src-openeuler/openstack-octavia,0.0
src-anolis-os/python-kdcproxy,0.0
food-rescue/food-rescue-app,0
alinealien/jogo-da-velha,0.0
jjakobsons87/dino-adoption,0
Phansen47/FoodFeed,52.356
LAyers45/devsLink,0.0
woof-board/woof,0.0
lagom/online-auction-java,0.0
infoshareacademy/jfdzr1-dancing-potatoes,0
Nirothipan/micro-integrator,36.63
unt-carpentries/2018-06-05-unt-swc-collaboration,0.0
mpashchenkov/open_model_zoo,0.0
aws-samples/aws-config-track-aged-access-keys,0.0
isomerpages/moe-evergreensec,0.0
antsermen/Acme-Toolkits-E3.08,0
JustasGau/DonjinKrawler,0.0
augustoa10/Livraria,0.0
chimerror/code-reviews,0.0
nextcloud/nextcloud-directediting,434.7826
src-anolis-os/nss_wrapper,0.0
younjun1234/WOOFLY,0.0
typelevel/typelevel.github.com,50.1253
incubateind/gdtc-Day1,243.9024
martinvol/tallerII,0.0
Tauders/dratuIT,0.0
bergmannfederico/caldar-G8,0
phetsims/area-model-common,0.0
Teaching-projects/SZE-MOSZE-2020-Runtime_Terror,137.6147
mollie/WooCommerce,0
Hikanyan/AcquireSummerGameJamEarthTeam,0.0
dream-wish-team/wish-board,212.766
ds-ga-1007/assignment9,0.0
stmcdonald-vt/convo-crafters,39.6825
pagopa/dx-typescript,51.3699
groupby/storefront,0.0
2nd-team-b/front-wait,0.0
FacultadInformatica-LinkedData/Curso2021-2022,44.843
Volgarenok/spbspu-labs-2024-tp-a,0.0
mesosphere/dcos-docs-site,16.835
src-openeuler/pgpool2,0
opencloudos-stream/perl-XML-LibXML,0
src-anolis-os/qhull,0.0
src-anolis-os/bolt,0.0
src-openeuler/python-sphinxcontrib-github-alt,0.0
src-openeuler/perl-Class-Throwable,0.0
Benaud12/checkpoint_game,0.0
Agile-Chess/chess,0.0
Logan-Ph/Building-IT-System,0.0
jjangjjh2222/thu-space-invaders,0.0
devontehillman/are-we-there-yet,0.0
moraroy/NonSteamLaunchersDecky,0.0
ovcharuks/SuperDevs-YachtJet,17.8891
QuinceIT/PQuince,0
Praktikum-IF-R/Latihan-8,0
KenzieAcademy/backend-epithet-generator,0.0
Instituto-Maua-de-Tecnologia/coil_frontend,0.0
mulesoft/docs-api-experience-hub,0
StanislavFishkov/java-explore-with-me-plus,0
ScottishCovidResponse/Covid19_EERAModel,0.0
openjfx/jfx,0.0
src-anolis-os/sblim-sfcc,0.0
src-openeuler/python-webassets,0.0
ISAKids4Ever/RecruitmentApp,0.0
ConduceInc/conduce-python-api,49.2611
cberganz/ft_transcendence,0.0
ThrilledBerryTeam/infra,0.0
aperiosoftware/astropy,0
MGBankNode/MGBankApp,0.0
uber/tchannel-java,146.6276
REmemory-team/REmemory-Nodejs,0
minetest-mods/technic,0.0
SI-RPL-2022/SI4301_SIKESMAS,0.0
Fuck-We-Ballerz/DM885,10.9051
w00ye0l/SMilE,0.0
Hwylinc/sogiri-auto-calculation,0.0
tue-ees-5xwg0/power-system-simulation-myriad,113.6364
a-fiorito/NoteShare,0.0
190701-revature/name-list,0
mindbox-cloud/github-actions,0
opencloudos-stream/libwpe,0
src-openeuler/python-timeunit,0.0
src-openeuler/ghc-hslua-aeson,0.0
src-openeuler/filters,0.0
src-openeuler/python-async-timeout,0.0
opencloudos-stream/booth,0
e1b19058/kaiji,0
che2ese/BeLover,0.0
aion-dk/election-verification-site,0.0
th-koeln/mi-bachelor-screendesign,0.0
DataDog/go-gitlab,131.5789
hjalmers/angular-generic-table,0.0
tmonfre/git-lecture-collab,0.0
ftornberg/Social-Network,0.0
KAIST-IS521/Agreement,0.0
ChangePlusPlusVandy/ndc-frontend,0.0
CSCI-GA-2820-SP24-001/customers,47.8469
cse110-sp24-group18/cse110-sp24-group18,41.841
DevThive/book_final,0.0
GTestay/arq-2020-q1,0.0
src-openeuler/libmypaint,0.0
src-anolis-os/crash-trace-command,0.0
src-openeuler/mpi4py,0.0
src-anolis-os/perl-CPAN-Meta-Check,0.0
openkylin/libxmlb,0
ray-project/rllib,0
Josh-University/git_training_swiggy1,0
Con-Rez/autoDetailProject,0.0
coolcatsz/EquipRent,0.0
mattrobertsky/disguised-remuneration-frontend,0.0
joinpursuit/FSW-Redux-Two-Lab,91.7431
AdRiAnPg7/Mobile-Project,0
cncf/telecom-user-group,18.1818
isomerpages/imda-pixel,0.0
vasilisalmpanis/ft_transcendence,0.0
instructure/mc-go-mysql,43.1034
bmuellerhstat/06-kickstarter-lab,0.0
xi-effect/xi.monorepo,0.0
Yujin051/lms-system-team-project,0.0
segmentio/a1-notation,0.0
openharmony-sig/stb-image,0.0
src-openeuler/nodejs-dreamopt,0.0
src-anolis-os/perl-DBD-MySQL,0.0
PiotrRynio/CodersCamp-LiveChatHackathon2022,0.0
kostant/chefio,0
anderscc/CSC750_Project,0.0
StateFarmInsCodingCompetition/2018-StateFarm-CodingCompetitionProblem,263.1579
IBM/hybrid-analytics-mfp,0.0
UB-ES-2023-B3/sharing_pictures_webapp,0
DigitalHouseBrasil/Mobile04,0.0
llBackend7/MOIZA,0.0
fmidev/aviation-message-archiver,5.005
sjponce/brava-sales,0.0
luicfrr/react-native-vision-camera-face-detector,43.7637
ironhack-labs/lab-react-cohort-tools,23.0947
jaykrell/mono,35.5114
nodesign/weio,138.8889
aws-robotics/rmw_opensplice,0
ConsenSys/redash,93.0233
rmamidal/ADGMO,0
src-anolis-module/maven,0
src-openeuler/perl-Module-CPANfile,0.0
sighBRG/Dynamic-webapplication-newton,0.0
TuanAnh1210/Braintech-App,0.0
DataDog/chef-python,48.6618
LowerRockLabs/laravel-livewire-tables,0.0
MobilePorting/FNF-PsychEngine-Mobile,74.6269
alaoweb/2020.alaoweb.org,37.3134
aquelemiguel/parrot,0.0
IctEduTeam2/STANDSAFE,0.0
stanreee/sign-language-learning,193.5484
acn916/Senior-Project,15.1745
fe-aug22-ta-y-take/phone_catalog_front-end,0.0
unsri-hackers/ecommerce,0.0
ICS3UI-01-2016/3U-Quiz3,0
apache/sling-tooling-jenkins,0.0
dimstefanakis/myshelf,0
RAPID-Platform-Projects/Rapid-Docs,32.6797
pharo-vcs/iceberg,104.8951
piamayuga/desktop-tutorial,0
opencloudos-stream/corosync-qdevice,0
openharmony-tpc/chromium_third_party_quic_trace,0.0
src-anolis-os/python-websocket-client,0.0
src-openeuler/rubygem-net-scp,0.0
src-openeuler/lohit-bengali-fonts,0
HayatEmraan/dwelling,0.0
painprog/LetsGo,0
GeekUniversity/Frontend-05-Template,0.0
IsmaelRuizJurado/Acme-L3-D04,0
COMU-BLM4022/Exercises,0.0
xendit/xendit-opencart-module,0.0
vchernin/easyeffects,0.0
umassd-dataviz/CIS-470-TermTest,0.0
cesurvmnc/examen2024,0
Shi-553/ReLeaF,0
equinor/resdata,0.0
Test-Pro-Bootcamp/A55-QA-Automation-Framework,0.0
asgeirrr/prezencka,0.0
sjgresha/The-Dinner-Club,0
ScottishCovidResponse/data_pipeline_api,106.9519
src-openeuler/wqy-microhei-fonts,0
src-openeuler/perl-Dist-CheckConflicts,0.0
Zesty-Surprise/feedback-frontend,357.1429
nmrodio/NFL_Fantasy_Football,17.7936
kozubskyi/goit-react-node-project,0.0
tanyagupta0201/LeetCode-Problems-Solutions,59.1716
jakescheele/whats-in-store,13.8889
kurenn/market_place_api,0.0
joinpursuit/Pursuit-Core-iOS-5-3-Fellows-List,0.0
polispay/polis,0.0
Ada-C7/trek,48.0769
mipengine/mip2-extensions,0.0
funmusicplace/mirlo,0.0
alice-skills/bufet,0.0
perfume-pick/purple-front,0.0
UBC-MDS/dsci_525_group18,0.0
bekindtomammals0/ASI_HR-Hiring-System_Group4,0.0
lynntfuzz/ToDoOrNotToDo,0.0
The-Dirty-Dino-Mites/holeDat,182.7676
scribeWiz-team/ScribeWiz,208.3333
opencloudos-stream/qt5-qtlocation,0
src-anolis-os/yaml-cpp,0
src-anolis-os/perl-Unicode-CheckUTF8,0.0
src-openeuler/geronimo-validation,0.0
src-anolis-ai/clinfo,0.0
AlexGeekBrains/online-classifieds,0.0
hemenkapadia/getbhavcopy,0.0
ga-wdi-exercises/checkpoint-express-mongoose-short,0
ironhack-labs/lab-react-state-training,50.7614
companieshouse/limited-partnerships-web,0.0
javaee/jsonp,0.0
front-camp-2018/tags-input,0
timofeysie/serene-brushlands,11.9048
minyoung529/Lighp,0.0
Rooks-on-Rails/rooks_on_rails,0.0
capsule-corp-ternoa/nft-marketplace,0.0
JPsiInVR/organisation,0.0
LambdaSchool/Sprint-Challenge--Security-Theory,0.0
raml-org/raml-js-parser-2,38.1679
We-Are-INFPs/Algorithm,0.0
src-anolis-os/mecab,0.0
src-openeuler/python-xattr,0.0
s-e-r-O/practica-certi,0
Tejashri-Taral/TrendTrove-Ecommerce,0.0
werf/3p-argocd-image-updater,0.0
Ramlan404/babybot,0.0
cucynthi77/socialapp-starter,0.0
fga-kominfo/assignment-3,0
smokhadar/catch-up2,0.0
prisma/prisma-engines-builds,0.0
ArmDeveloperEcosystem/arm-learning-paths,151.5152
HackYourFuture-CPH/class-25-ironside,62.8931
ArduPilot/ardupilot_gazebo,0.0
BernardoEstrada/Qarinio-animal,0
sonic-net/sonic-tsc,130.4348
DevelopersZone06/revive-client,0.0
aritraroy24/HACKTOBERFEST2021_PATTERN,92.4855
IBM/spm-citizen-engagement,0.0
segmentio/react-storybook,0.0
Twilight-Studioo/production,0.0
src-openeuler/python-justbytes,0.0
src-openeuler/perl-Test-Dist-VersionSync,0.0
src-anolis-os/perl-IO-stringy,0.0
InnovaGameCreate/AtamakkoCard,0.0
mechef/mechef,0
chingu-voyages/v43-tier2-team-11,0.0
eurodatacube/eodash-catalog,0.0
sapcc/manila,0
nnikolovskiii/FinkiRasporedi,0.0
TechTitansFTC/IntoTheDeep,0.0
DSCI-310-2024/DSCI310_Group-12_Credit-Risk-Classification,0.0
CIMAC-CIDC/cidc-api-gae,41.1523
erda-project/ory-kratos,8.1967
openai/gym3,0.0
espressif/esp-lwip,0
zhangguanzhang/Actions-OpenWrt,0.0
WildCodeSchool/2309-wns-jaune-snow-wild,0
susanna3003/Capstone2024,0.0
msasif2000/LumiJob-Client,0.0
pagopa/pn-national-registries,0
opencloudos-stream/python-pytest-rerunfailures,0
src-openeuler/librsync,0.0
src-anolis-os/python-deprecation,0.0
RubiMonti/arquitectura_software,0.0
duongphhe151097/SWP391_TradeSystem,0.0
Gooey-Dee-Bee/Ripple,0.0
alan-turing-institute/arc-model-similarities-phase-2,0.0
ClickHouse/libpqxx,0.0
Tencent/iHearing,0.0
ORNL-AMO/ORNL-Weather,40.6504
arshadkazmi42/first-issues,58.1395
Fareedh-12/tech-roots-project,0.0
canonical/bundle-kubeflow,0.0
SNULION-12th/react-advance-seminar,0.0
LABS-EU3/shopping_cart_frontend,0
shadowproject/shadow,85.4701
AliyunContainerService/terraform-provider-alicloud,0.0
spectatorpublishing/womens-history-month,0.0
msp-strath/TypOS,19.4932
Lambda-School-Labs/CS10-flight-log,110.7595
openharmony/drivers_interface,0.0
src-openeuler/perl-Test-Pod-No404s,0.0
src-openeuler/python-XStatic-Dagre-D3,0.0
TeamDash2021/Keep-In-Check,0
symopsio/terraform-provider-sym,127.551
jenkinsci/groovy-pipeline-model,0.0
serlo/serlo-editor-as-lti-tool,60.6061
burovskiile7/Group16_Git_GitHUb,0
michaljabi/js-na-frontach-zadania,0.0
TechTeam-org/public-tasks,0.0
Huastechnology/Vue-Course-Manager,0.0
NadyaKonzevaya/Icecream-group9,0.0
FromDoppler/doppler-html-editor-api,0.0
R-o-y/variora,0.0
kedro-org/kedro-devrel,0.0
paulcacheux/aoc,0.0
UMC-5th-TOgether/Together_BE,0
rizafahmi/awesome-speakers-id,0.0
mannimaster/compsci-proj-md,0.0
Lambda-School-Labs/labspt2-ksl-alerts,0.0
src-openeuler/nodejs-grunt,0.0
BCSDLab/KOIN_iOS,0
alinmear/docker-conanexiles,73.9645
khalilcherni/Hope-TN,0
MrPunyapal/basic-crud,0.0
RUGSoftEng/2018-Tuberculosis-Android,0
JiyaGupta-cs/ShopNex,0.0
saeraa/next-tomten,0.0
sei-protocol/sei-cosmos,79.3651
MicroPyramid/micro-finance,0.0
venkyEidiko/aus-corsafe-poc,0
happy-se-life/kanban,44.4444
shobhi1310/backend-team,0.0
CMPUT301F23T16/HoneyBadgersProject,0.0
dang-van-thinh/ecommerce-gundam-win,0.0
datastax/pulsar-io-cloud-storage,22.6116
lucabriguglia/OpenCQRS,0.0
TeamC2-Softwareprojekt/ParkBlazer,0.0
douglmendes/mercado-fresco-round-go,0.0
ilham77/pplA6,0.0
src-openeuler/nodejs-docopt,0.0
pesumca23/github_demo,0.0
HydroFish-Waterloo/HydroFish,0.0
Orchid-DOTNET/BscCSIT-2023-MVC,0
FundamentosProgramacion/Tarea_01,0.0
LeandroT22/Proyecto_Final_JaP,0
UpstreamData/pyasic,0.0
FREAC/LABINS,0.0
intel/ipu7-camera-hal,0.0
MeowDevelopers/today-house-clone,0.0
XML-BSEP/Security,52.356
anosach-luxoft/sdl_core,33.557
SlateIn/slatein-app,0
1CRM/oceanfront,0.0
RepreZen/KaiZen-OpenApi-Parser,30.2115
kyverno/pod-security-admission,0.0
tirtzerzbrez/Mobile-Programming,0
AY2021S1-CS2103T-T13-2/tp,0.0
whirli/whirli-client,227.2727
SUNKARAAYODHYARAMIREDDY/DeepLearning_1stAssignment,0.0
opencloudos-stream/python-autopage,0
src-openeuler/intel-ipp-crypto-mb,0.0
SW814F20/Report,0.0
Ren149/INTROSE-Source-Repository,0
SmartFitStudio/FitnessWebAppWithRAG,0.0
sktometometo/jsk_robot,0.0
cee-chen/kibana,0.0
HernanGonza/proyecto-final-web-app-servicios,0.0
HomeFoodFighter/Server,0.0
janus-idp/backstage-showcase,0.0
theonion/bulbs-public-ads-manager,67.8733
AY2324S2-CS2103T-W11-2/tp,0.0
fproldan/erpnext,25.1256
pegas-alias/pegas-alias,0.0
Dilbert66/esphome-vistaECP,27.9107
demisto/ts-essentials,14.5138
urfu-2016/markup-task-9,0.0
rancher/rancher.github.io,70.5467
AxelB01/proyecto-grado,0.0
glygener/glygen-frontend,0.0
opencloudos-stream/openvswitch,0
src-openeuler/example_interfaces,0.0
src-openeuler/ghc-servant-server,0.0
src-openeuler/kpmcore,0.0
src-openeuler/rosidl,0.0
heena3443/Lab5-Section1-Summer2020,0.0
TimeZynk/timezynk-api-spec,0.0
m-asadd1997/TucShopApp,117.6471
kdt-live/git-0608,0.0
josh16/ConsoleGameDev_2,0.0
Technigo/project-p1-first-webpage,0.0
badass-pirates/pirates,0
BrayMurph/BITS-Review,0.0
MobilityData/elrond.gtfs.org,0.0
CodeYourFuture/scot-volunteer-ad,107.2961
healthsites/hcid-watchkeeper,39.6825
TheRealSpectrum/four-horsemen-restaurant,95.5414
t-will-gillis/website,0.0
BCDevOps/OpenShift4-RollOut,0.0
Abid357/git-workshop-357,0.0
openkylin/kactivitymanagerd,0
src-openeuler/python-markdown,0
src-openeuler/SDL_sound,0.0
src-openeuler/python-pyspelling,0.0
horsejs_admin/ScreenCapture,0
src-openeuler/perl-JSON-Pointer,0.0
digitalinnovationone/matches-simulator-app,0.0
YuKARLO15/Thesis-Borrowing-System,0.0
grafana/yugabyte-datasource,0.0
mate-academy/react_add-todo-form,114.9425
WordPress/wporg-photo-directory,0.0
codetrybe/DailyTracker-backend,67.5676
noorbhatia10/grappus_skribbl,228.3105
hortonworks-spark/spark-llap,18.8324
wolk8506/team-icecream,0.0
2019-Flexcode-Cohort/smart-shopping-list,0
mapbox/assembly,29.7619
Zrips/CMI,0.0
presly808/acp18,0
joinpursuit/Pursuit-Core-Web-Twitter-CSS-Assignment,51.9481
haor186/hrcms_V1.2,0.0
openharmony-sig/libogg,0.0
src-openeuler/python-ibmcclient,0.0
openkylin/ide-vscode-java-pack,0.0
Domraider/rxnet,0
contentql/pin-horizon-health,0.0
oneblink/forms-cdn,0.0
youssefalb/HealthHub,0.0
FPLHN-FACTORY/udpm-tutor-management,0
hsnam95/class2022Spring,0.0
AufaNajid/RusConsign,217.3913
amzn/amazon-payments-magento-2-plugin,27.933
sg05060/SDS_A_LAB,0
oasis-dev/it-transformation,400.0
hstreamdb/hstreamio-cdn,0
agrc/udot-parcel-ml,0.0
Food-Rescue-Social-Media-Platform/Food-Rescue-social-media-application,0
AY2021S1-CS2103T-T17-4/tp,0.0
rahataid/rahat-platform-nx,25.3807
kcc112/BibliotekaIO,0.0
src-openeuler/python-enmerkar,0.0
src-openeuler/kf5-libkcddb,0.0
src-openeuler/ignition_cmake2_vendor,0.0
opencloudos-stream/ipset,0
jina-ai/executor-video-torch-encoder,0.0
papanton/BowGame,0.0
yunify/packer-builder-qingcloud,0
SarayGal/Unac-Virtual-Tracking,0
Azure/communication-monitoring,18.7617
grafana/k6deps,0.0
gdg-berlin-android/ZeBadge,135.8696
gaborlovasdotcom/liferay-portal,0
violettagoldman/webserv,0
rameshabeysekara/planner-app-react-native,0.0
mate-academy/jv-jdbc-intro,84.3882
071921-LTI/TRiPLNR-front,0
Odin-SMR/odin-api,0.0
TheSoftwareFactory/DlearnHelsinki,0.0
saby/builder,0.0
bcgov/vc-authn-oidc,0.0
src-openeuler/ublox,0.0
src-openeuler/hunspell-ms,0.0
Ferlab-Ste-Justine/cqdg-portal-ui,0.0
awesome-academy/real_estate,0.0
subhadipbhowmik/30-Days-Of-CPP,32.5733
cse442-fall-2019-offering/442projects-loopholes,0.0
leomont/cursoDesarrolloSoftware20242,0.0
UBC-MDS/DSCI-532_2024_22_flightfinder,0.0
SkrapLitter/capstone,0.0
inf112-v19/Handbrekket,0.0
alkemyTech/OT102-Server,0.0
nordakademie-einfuehrung-java/studenten,0.0
UCL-COMP0233-24-25/earthquakes,0.0
ImisDevelopers/SORMAS-Project,55.5556
TVTKMO22-WP-GROUP-1/Climate_Change-Visualizer,0.0
Programacion-III-UAP/github-starter-course,102.0408
ZbayApp/nectar,0.0
PauloJaime/ser515asu,0.0
MobileApps-Cascadia/fncf-photopoints-ios,0.0
fuku-git/Weeeb,0
opencloudos-stream/liblzf,0
src-openeuler/openblas,0
src-openeuler/python-django-rules,0.0
dwilliams5807/Project-3,0.0
OrderHere2023/OrderHere-backend,0.0
ionic-team/ionic-v3,81.3008
Iura-Radulov/teamproject-filmoteka,21.3675
dvkruchinin/cvat,29.5858
JuN-front/Junsei-frontend-basic-2022-todoapp,0
123charu/Scripting-Languages-Mid-term-Practical,125.0
TiimMate/TeamMateClient,0.0
chengsteven/city-dog-share-calendar,0.0
ViktoriyaRyazhska/Lv-256.ATQC,0
kadetXx/HNG-Script,0.0
espressif/test-project-bot,0
dotnet-foundation/projects,0
bita2019/lnd8-BShade-finalproject,0.0
QAAFI/REMS2020,0
openenclave/test-infra,0.0
notBASIL/Final-Project,126.0504
src-anolis-os/fabtests,0.0
src-openeuler/perl-Language-Functional,0.0
Stellar-Soft/QuartonQuest,0
EbrahimHanafy/Jumia,0
oclif/plugin-svo,0.0
JonnyFernandez/assistt,0.0
TRI-AMDD/beep,0.0
CSIS-iLab/reconasia_wp,104.8951
Banndzior/git-pb,0
CMPUT404-F21T0/CMPUT404-Project-BetterSocial,0.0
frncscdf/Tecnologie-Web,0.0
Expensify/react-native-x-geolocation,0.0
project5jo/maroon5,0.0
42Flowers/transcendence,0.0
apache/fineract-cn-portfolio,0.0
StarRocks/docusaurus-build,0.0
BattlesnakeOfficial/rules,67.1141
Sameer1223/ferrous,0.0
Sitecheckcheck/SkyFitnessPro,0.0
RevanthR/AI_Assignments,0
src-openeuler/rubygem-cucumber-wire,0.0
opencloudos-stream/python-fqdn,0
openkylin/sphinx-rtd-theme,0
openkylin/7zip,0
src-openeuler/perl-Daemon-Control,0.0
Kobaysh/EscapeFromNote,0
outsideOfficialy/Prod,0.0
HDFGroup/hdf-compass,0
kosukeimai/wru,0.0
FeenixServerProject/Archangel_2.4.3_Bugtracker,0
Nazar710/CIBG-WNT-Parser,68.0272
adobe/plugin-hooks,0.0
alisw/alidist,44.0529
neo4j/docs-kafka-connector,0
grafana/grafana-k6-app-plugin-feedback,69.4444
we-are-what-we-do/we-are-what-we-do,0.0
jenkinsci/livingdoc-reports-plugin,0.0
staubjoao/busca_emprego,0
MiNISpaceMobile/minispace,0.0
DelazJ/QGIS-Documentation,46.0123
src-openeuler/libytnef,0
src-openeuler/mate-backgrounds,0.0
src-openeuler/perl-Data-Stream-Bulk,0.0
src-openeuler/ovirt-ansible-manageiq,0
JingJingQ/-1-,0.0
supabase-community/flutter-auth-ui,0.0
oasisprotocol/wallet,97.2447
infobloxopen/infoblox-client,0.0
LMS-Learnvista/LB_DSC_SEPT_WKDY_2020,0
sotobabi/betty,0.0
swarfarm/swarfarm,33.6134
hei-school/hei-admin-api,0.0
ConductionNL/Proto-application-NLDesign,0.0
scoop-tech-corp/rpc-be,0.0
joinpursuit/Pursuit-Core-Web-HTML-Introduction-Lab,0.0
DavidDr90/Lets-Talk,0.0
Hounsvad/OOP-Sem.1-2018,0.0
TYPO3-Documentation/typo3-writing-guide,0
mulesoft/docs-api-governance-documentation,0
IrinaGlodeanu/TramsA6,0.0
openharmony/testfwk_arkxtest,0
src-anolis-ai/super-lu,0
src-openeuler/rubygem-actionmailbox,0
src-openeuler/ghc-unix-time,0
bdluc/Internship_QNU,0
Zarathustra4/ML-Essence,0.0
UBC-MDS/525_group_3,0.0
huymq/opencps-v2,0.0
vercel/title-site,0.0
AgileWarsaw/netlify,0.0
jaeh2020/Teamproject,0.0
mozilla/mozilla-campus-clubs,0.0
communitynostalgiaproject/Nostalgia-Project-Client,0.0
super30admin/Strings-1,0.0
MaggieYang57/CSC308-TeamB,64.1026
aliemteam/ALiEMU,0.0
and-rewsmith/iotedge,0.0
Darkhax-Minecraft/Bookshelf,0.0
ollybh/18xx,0.0
ZZOMING-K/2024_Algorithm_Study,0.0
src-openeuler/perl-Carton,0
openharmony-tpc/chromium_third_party_libsync,0
src-openeuler/python-xtermcolor,0
PetroHrynyk/parcel-test,0.0
marisabivi/galapagos-conservancy,0.0
kabdomora/P3G5,0.0
Seeyou2000/SE_UNO_Project,0.0
illiden228/GB_3,0
MLSAKIET0821/MLSAKIET_FWdevops_INTERNSHIP,37.7358
midudev/landing-infojobs,0.0
LNReader/lnreader-plugins,0.0
cldblz/cocktails,0
laravel/lumen-docs,0
nitiowo/Biocomputing-Final-Project,0
firasm/542_code_review_template,0.0
open-telemetry/opentelemetry-ruby-contrib,57.3066
alkemyTech/OT126-SERVER,0.0
martijn9612/fishy,170.9402
kzhereb/kpi-acts-ta2020,0.0
muthuArivoli/school-bus-planner,0.0
src-openeuler/python-pyhcl,0
openeuler-competition/summer2021-11,0
openeuler-risc-v/kylin-music,0
src-openeuler/base64coder,0
opencloudos-stream/python-sphinxcontrib-actdiag,0
takkun1993/Flea-market-app,0.0
kkms30/SmartShop,0.0
Aitrich-Academy-ASP-Net-Core/.NetCore-Angulae-OnlineBatch-04,0
ShaBaiTianCN/Skyopolis-5,0.0
pinglepingle/Lets-be-Amazing,0.0
Think-Tank-6/Voice-Of-the-Star,0.0
sandboxnu/mgh-video-journal,0.0
DankMemer/imgen,0.0
railbotan/xmljson,0.0
ministryofjustice/opg-sirius-supervision-finance-hub,0.0
Mercantec-GHC/h2-projekt-trinity-hotel,0.0
rails/website,0.0
D3strukt0r/fhnw-jass,23.0415
Julie-Fabre/bombcell,0.0
carrot-u/carrot-u-admin-app,0.0
opencloudos-stream/aide,0
pphongsavath03/create-a-car,0.0
sugarcrm/SugarCE-Add-ons,0.0
DungBeetle0618/talktok,0.0
kaltura/html-bind,0.0
learn-co-students/react-async-fetch-lab-v-000,169.4915
maieul/biblatex-bookinarticle,0
Lojain45Mostafa/InstagraClone,217.3913
Dental-Revenue/Codebase-2-Dev,0.0
Shift3/DevOps-Apprenticeship-Notes,0.0
Culinart/Culinart,0.0
teamlead11/GitNew7,0
cul/ldpd-findingaids-asi,60.241
infoshareacademy/jfddr9-projekt-html-css,0.0
john9101/LTW_N15,0
KEA-DoKebi/dalkom-front,0
DishantaK/gitTickets,0.0
codice/alliance,15.3139
leon123858/ntuaf,0.0
expo/expo-analytics-segment,0.0
Lucky-Ducky-ATGJ/Lucky-Ducky,0
TeamAwsom/awsm-backend,217.3913
CS2103AUG2016-W14-C2/main,0.0
DAN-MU-ZI/healthyreal,0.0
ConsenSys/Sap_ForkTest,0.0
framgia/sph-ut-uni-charts,0.0
XavierAubert/core-v-verif,0.0
Weit-2nd/roady-foody-server,0
HubSpot/cli-lib,116.2791
phoenix-ceri/Foodi3-C3ntral,0.0
radareorg/r2con2019,0.0
ironhack-labs/lab-es6-algorithms,93.4579
acesdit/first-contributions,0.0
pouorix/vSharee_front,0.0
tylersuchan/symphoni,0.0
bit-bots/ddlitlab2024,0.0
BartoliniAndBorderCollies/Restaurant_Management_System_REST_API,10.0503
google/minions,63.7959
infoshareacademy/jjdd7-gitLoopersi,0.0
UppuluriKalyani/ML-Nexus,53.3618
openkylin/libtool,0
src-anolis-os/perl-Parse-DebControl,0
src-openeuler/jdependency,0
opencloudos-stream/perl-DateTime-Locale,0
src-openeuler/xfce4-vala,0
src-openeuler/python-packaging,0
aws-quickstart/quickstart-atlassian-jira,0.0
Austinx75/Team-9-TCSS-450,0
lilatan/CSE442Project,0.0
the-virtual-brain/tvb-root,24.57
LarryByrd89/gusteaus-restaurant,0.0
Equilibrium23/Fancy-Recipes,0
Shannoon/TortoiseGit,0.0
tomered/smart-campus-frontend,0
yousefahmed98/git_assignment_Team6,0
jenkinsci/frugal-testing-plugin,0.0
openshift/simple-openshift-sinatra-sti,0
quiches-group/quichtify,198.6755
garasijogi/mamoto-website,0.0
connectrpc/examples-es,0.0
src-openeuler/e2fsprogs,0
opencloudos-stream/postgres-decoderbufs,0
TechnologyMasters/jobs,71.9424
shabeebkaip/flytern,21.8341
mike-barber/daves-garage-primes,0.0
sweng2/sweng2,0.0
essayNEXT/REPETITOR,0.0
jnsmelinda/Vent,0.0
AndreyMukhametzyanov/CoursesApp,0.0
alumnicelliitr/Raionzo-website,0.0
ohtuprojekti-kokoushuone/kokoushuoneiden-varaaminen,0.0
CAMPUS-3-BUT-INFORMATIQUE/Horizons,0.0
platanus/2021-1-Grupo4-Web,19.305
apache/struts-site,0.0
OneSignal/OneSignal-Xamarin-SDK,0.0
sensu/sensu-docs-legacy,97.4026
fe-may23-teamscript/ecommerce_frontend,0.0
primihub/confidential-computing-zoo,6.3816
VinAIResearch/ISBNet,63.2911
selltea/OOSEproj,0.0
src-openeuler/geronimo-jta,0
ForgeVTT/ddb-meta-data,0.0
computingfuturetech/officeERP,0.0
Shmythor/Sharebin,0
COSC481W-2020Fall/cosc481w-581-2020-fall-stattracker,20.5339
Yuki-Inagawa/freemarket_sample_55b,0.0
jenkinsci/wix-plugin,131.5789
0xPolygon/cdk-data-availability,0.0
SchoodEIP/Schood-API,0.0
MaximKucheriaviy/filmoteka-by-team-2,21.3675
IsmaelMartinez/logger-to-kibana,0.0
ashiqur-r-biplop/Dhaka-Bus-Ticket,0.0
austenhughes/The-Baffoonery,197.6285
ros-industrial/abb_experimental,0.0
Jolg42/upptime,0.0
hydrogram/hydrogram,0.0
zyngjaku/agh-xp,0
JoshKardos/TuTour,0.0
johansbg/Quilla-Tour,0.0
j-cool-hirai/fukui-study,0.0
src-openeuler/perl-CPAN-Meta-Check,0
hunglq249/vyan,0
watson70percent/SAMURAI-SOCCER,0.0
Consensys/solc-typed-ast,53.4759
CS2103AUG2016-T15-C1/main,0.0
bhartiharinkhede44/hospital-admin-pro,0.0
ISPP-P2/HeartForChange,0.0
frontend-park-mail-ru/2022_1_devo4ki_na_d1skoteke,54.6448
fe-aug23-team5/product_catalog,0.0
FACG6/social-streets,168.0672
AndrewSavinchuk/Group19_TryCloudCucumba,0
microsoft/appcenter-sampleapp-ios-swift,53.7634
learn-co-students/building-forms-lab-v-000,280.8989
eProsima/Micro-XRCE-DDS-Client,0.0
arulpc1995/testng,0
woowacourse-precourse/kotlin-baseball-6,0.0
Kenneth-Ngcobo/ASE_2024_GROUP_D,52.5394
WargaLab-Information-Systems/pemrograman-visual-3D-2024,0.0
Pewter-City-BlueOcean/rave-app,17.9856
wh-portal-development/WarhammerPortalDevelopment,0
src-openeuler/sunpinyin,0
src-openeuler/perl-MooseX-OneArgNew,0
frdtorres/Teaching2024,0.0
woowacourse/java-chicken-2019,0
LArSoft/webevd,0
3um-Group/Atomic-SDK,0
StephGidde/choost,0
techmefr/WildChat,0.0
cdk8s-team/cdk8s-plus,107.5269
IUS-CS/project-facebook-api-integration-software,21.8341
Falmouth-Games-Academy/comp110-worksheet-1,77.5194
NicolasEsqui01/fizzmodTeam,50.1253
electron/sheriff,68.306
Ada-C7/ride-share-two,0.0
bugKillers-AlphaCode-Teams/react-product-catalog,0.0
cse442-fall-2019-offering/442projects-sjdf,0.0
SpilledCofee/DataBase,0.0
Cosmic-Cryptid-Games/GrowingDepths,0.0
timdeschryver/hacktoberfest-2019-angular,0.0
TaskWeaver/frontend_app,0.0
openkylin/rust-unicode-ident,0
src-openeuler/python-mne-bids,0.0
dlwnsgus07/algorithm_study,0.0
NasserBen/MediSearch,0.0
SE2-GROUP-P12/SPG,36.7647
dmab0919-aTeam/3-semester-project,0.0
google/digitalassetlinks,0.0
Team-OnePiece/OnePiece_BackEnd,0
Tencent-RTC/TUIRoomKit,0.0
Leibnitz80/java-filmorate,0.0
nextcloud/documentserver_community,0.0
proyectobufete/ProyectoBufete,71.9424
polinaucc/crm-food-establishment,0.0
mapbox/node-geolite2,0.0
ChesterSVK/PA165-RedTeamProject,0
ingadhoc/account-financial-tools,0.0
sagun03/node-shopping-server,0
IBM/event-notifications-huawei-android-sdk,86.741
jerwest/project-repcon,0
arc-repos/arc-example-webpack,0.0
daicuo/feifeicms,0
src-anolis-os/dwarves,0.0
src-anolis-ai/python-resize-right,0.0
JeffersonCallupe/BigTech_Consulting,0.0
pdp-adademy-g27/1fit-green-team,0
aylinev2/CodeU-Summer-2018,42.0168
jojayama/CutecoreHealth,0.0
julietrinh1/soen341,0.0
cfpb/complaint-intake,129.3103
isDamont/QHTMLPen,182.6484
davidOrtiz09/GreenMarket-G2,0
joincivil/civil-sdk,0.0
PhucLocNguyen/N2_NET1806_SWP,0.0
behzadparvaz/ODoc-Front,25.0
n8n-io/codemirror-lang-n8n-sql,0.0
ese-detkin-lab/ese5190-2022-lab1-firefly,0.0
Fong-/CS169-PenPal-Gladiators,0.0
ableco/automationtraining,0.0
tanmaysharma2001/arjun-backend,57.8035
ConnerOzenne/Rapid-Rx,0.0
minstrel1977/rust-reference,0.0
src-openeuler/perl-Class-Can,0.0
src-openeuler/time-api,0.0
arafat-solutions/ext-mid-pkmu-web,0.0
PTU-Graduate/Ryu_Front,161.2903
dwainscheeren/dwains-dashboard-addons,0.0
strumet/labmod17,0.0
pianodaemon/SJO,0.0
makscap/protest-frontend,0.0
openshift/project-request-limit,0
Technigo/project-final,0.0
hstreamdb/distributed-tests,0.0
urfu-2016/team3,0.0
frontend-application-development-uw22/week2-assignment,0.0
ClickHouse/aws-crt-cpp,0.0
ashasan1/trader-jocks,36.3636
google/apitools,0
chargetrip/examples,0.0
Bahmni/openmrs-module-bahmniapps,26.5957
cs2103jan2016-f13-4j/main,0
src-openeuler/python-shamir-mnemonic,0.0
src-anolis-dde/phonon,0.0
src-openeuler/perl-Net-SNMP,0.0
danon321/mate-academy-project-group-1,0.0
knudsam/knowledge-buddy,0
Allen-ISD-Computer-Science/REPO_AutomaticDifferentiation_2024,0.0
Klasa-4TP/Klasa-4TP,0
zio/zio-telemetry,0.0
oliveiraagu1/Projeto3fase,0
takoda1/student-success,74.3494
single-spa/create-single-spa,0.0
didwjddyd/LogIN-Adventure,0
nsonb/helsinki-outdoor-innovation,0.0
aws-samples/cookiecutter-aws-sam-pipeline,0.0
microsoft/AImagery,0.0
realestateSoftuni/RealEstate,0.0
Pjiwm/serious-game,0
Nordgaren/Elden-Ring-Debug-Tool,42.061
ulearn-me-course-java/3-java-control-flow-and-arrays,0.0
Semantics-of-Sustainability/tempo-embeddings,128.7554
src-openeuler/libcddb,0.0
src-openeuler/ros2_system_modes,0.0
MODU-TAXI/server-api,0
Swackles/hk-multimedia,0
e-leal/project-2,108.6957
Bulvinkoln/4232_Company,0.0
amit8001/Project3_FlightLogger,0.0
birgorg/birg,0.0
beckn/beckn-exp-ui,0.0
cartographer-project/async_grpc,47.8927
eduapp-project/eduapp,0
G12-ISPP/Knowledge-base,0.0
ricardocampos1/Pyxia,0.0
tsl0922/mpv-menu-plugin,0.0
calvin-cs262-itteam/itteam,0.0
kaltura/netkit-android,0.0
aws-samples/aws-secret-sidecar-injector,0.0
mate-academy/py-movie-api,106.383
DataDog/codecov-ruby,0.0
Ada-C14/personal-portfolio-site,29.4118
openkylin-backup/ovirt-engine-nodejs,0
src-anolis-os/python-mysqlclient,0.0
opencloudos-stream/python-jinja2,0
src-anolis-os/perl-UNIVERSAL-isa,0
src-openeuler/aspectjweaver,0.0
myarmenia/Museums,0.0
Exawind/amr-wind,44.3459
COPS-CSOC-2022/CSOC-2022-week-5-Express-Apis,51.8135
cse110-sp23-group4/cse110-sp23-group4,0.0
openkruise/kruise-helm,23.8663
MelnykovSV/js-project-books-t5,21.5517
github-book/first-pr,0.0
dasch-swiss/dasch-service-platform,0.0
mozilla/sumo-projects,0.0
LandmakTechnology/maven-web-application,0
UVCE-Marvel/git-task,0.0
emanca/wproperties-analysis,0.0
frickler24/ckb-next,32.3363
davinci-ao/wintonoverwatch,0.0
raghunat/drawesome,0
src-openeuler/perl-File-MMagic,0.0
kubevirt/blog,0
popepatas/Situr,0.0
Gabrielnero000/FindOffice-Server,0
atlp-rwanda/Phantom-Backend-Pirates,0
learn-co-students/oo-kickstarter-v-000,0.0
emqx/emqx-cloud-cdn,0
TeamKaulu/RenegadeJammer,0
DS4SD/deepsearch-toolkit,64.5161
CelestialSystem/APICYPRESS,17.8253
ProyectoIntegrador2018/asistente-inteligente-fotos,0.0
kyverno/website,187.0504
msclal/below-zero,101.2829
cincuranet/FirebirdSql.Data.FirebirdClient,0.0
RockefellerArchiveCenter/rac_aspace,114.7541
build-security/kibana,0.0
Pingu-Pox/duncraft,0.0
we-trade-graduation-team/we-trade,222.2222
torpeBoiGo/aszteroidabanyaszat,0.0
kercos/HiSTORICCacciaAlTesoro,0.0
src-openeuler/perl-IPC-ShareLite,0.0
src-anolis-ai/librttopo,0.0
breatheco-de/exercise-collaborative-html-website,112.3596
super30admin/Binary-Search-2,0.0
matteoterrien/Busy-Bee-Contacts,0.0
u14395283/SavageRus,59.8802
jwade688/platinum_lyric_project,0.0
Grupo-6-Projeto-Volt/BackEnd,0.0
Not-Endurance/not-timing-system,0.0
MystenLabs/move-book,0.0
Toontown-Offline-Issue-Tracker/issues,72.9927
cs2103jan2015-f10-3c/main,0.0
FT-React-Study/react-dev-study,0.0
engr101staff/engr101matlab,120.2749
kaltura/playkit-js-downloads,0.0
civica-digital/iodc-report,0.0
qiancai/docs,0.0
darkhandz/XPS15-9550-Sierra,0.0
clearcode-tech/code-guides,0.0
Lambda-School-Labs/kansha-be,139.8601
src-openeuler/nodejs-eyes,0.0
src-openeuler/perl-Monitoring-Plugin,0.0
src-openeuler/svnkit,0.0
src-anolis-os/perl-MIME-Lite,0.0
opencloudos-testing/mlocate,0
EmmyLua/EmmyLua-ErrorReport,0
csci-2479-au-2022/tabletop-nerds,0.0
KLanger98/Gobble-Global-Snack-Finder,38.4615
rexdjw/cs361,0
Ferlab-Ste-Justine/clin-ui,0.0
nyu-devops-fall18/products,35.7143
sonyxperiadev/device-sony-common,0.0
KLS-VDIT-Haliyal/gettingStartedWithGithubInKLSVDIT,312.5
MicrosoftDocs/msix-docs,0.0
Bimesha/E-Commerce-Web,0.0
ironhack-labs/lab-react-discord-hero,57.7367
topcoder-platform/freeCodeCamp,22.1729
jdelim/Tetris,0.0
dotnet/vscode-dotnet-runtime,0.0
shatice/machineavapeur,0.0
opencloudos-stream/cairo,0
opencloudos-stream/bind-dyndb-ldap,0
src-openeuler/ShellCheck,0.0
src-openeuler/BiSheng-Autotuner,0.0
src-openeuler/nodejs-callsites,0.0
src-openeuler/openstack-mistral,0.0
src-anolis-epao/perl-pgsql_perl5,0.0
TadhgMc/TheTavern,133.3333
theforage/forage-jpmc-swe-task-2,0.0
AjitBabar/EP_Automation,0
mpfeifer1/Piano,0
george-kankava/gng-social-network,0.0
TypicalUsername-ai/unishare,0.0
ahumadamob/imb.pr3.lh.2023.spring,0
TinkerbellBeStrong/TestGithubXI-RPL-1,0
project-sunbird/sunbird.org-docs,0.0
fulpstation/fulpstation,0.0
ministryofjustice/opg-docker-1604,0.0
jonbertelsen/lifehackB,0.0
agent-system/homework20150415,0.0
src-openeuler/perl-MooX-HandlesVia,0.0
src-openeuler/python-caribou,0.0
src-anolis-os/mod_auth_openidc,0.0
src-openeuler/openstack-heat-agents,0.0
src-openeuler/python-apypie,0.0
src-openeuler/python-pytz-deprecation-shim,0.0
src-openeuler/seahorse,0.0
src-openeuler/ghc-bsb-http-chunked,0.0
taco-corp/checkedin_react,76.0456
antgroup/.github,0.0
RezaJodeiri/CXR-Capstone,0.0
emys-alb/votacao-caesi,56.9801
COMPASS-DPG/wpcas-service,0.0
zapier/zapier-platform-legacy-scripting-runner,0.0
Andagualh/DP2-G2-8,0
mosra/magnum-plugins,50.0
Lukasrygh23/QA_Cinemas,0.0
ladybug-podcast/ladybug-website,103.0928
open-kudos/open-kudos-intern-web,0.0
LambdaSchool/DS-Unit-2-Sprint-4-Model-Validation,0
src-openeuler/perl-IO-Pager,0.0
openharmony-sig/device_board_isoftstone,0
src-anolis-ai/python-ipympl,0.0
src-openeuler/CharLS,0.0
src-anolis-os/gspell,0.0
src-openeuler/vagrant,0.0
Mentor-Mentee-Project/mentor-mentee,0.0
juicedata/cli,0.0
tel-ran-de/phonebook-m9-1,0.0
LHC0312/BE-C_Team02,0.0
pushpay/fruitstand,0.0
EABarton123/NW5-group-3-Road-to-Tech,0.0
apiaryio/boost-move,0.0
yzhengfei/ai-coding,0.0
adobe/assurance-plugins,0.0
sublimemahesh/credit-master,0.0
NYPL/MyLibraryNYCApp,38.2653
MaksymKonin/project02-news,21.5517
GSA/ussm2.0,27.1003
upfrontsystems/izinto-angular,119.0476
src-openeuler/proxool,0
src-openeuler/wall_follower_ros2,0.0
src-anolis-os/svt-av1,0.0
src-openeuler/jboss-transaction-spi,0.0
src-openeuler/jboss-el,0.0
src-openeuler/python-feedgenerator,0.0
folio-org/mod-circulation-bff,0.0
rachitmehrotra1/devops-restapi,0.0
leonardo252/AlternaFood,0.0
CoderDojo/community-platform,68.4932
s-hadinger/berry,0.0
adobe/helix-task-support,0.0
team-replace/replace-backend,0
vados-cosmonic/wasmCloud,87.5274
goldendeepkaur/PPS,0
MercuryTechnologies/buck2-prelude,0.0
receipt-project/receipt-java,0.0
DACSS/Social_Networks_Spring_2023,363.6364
kaltura/playkit-js-audio-player,0.0
PollySaa/java-filmorate,0.0
antonjanzon95/gridmastercanvas,0
surveyjs/survey-analytics,57.4713
golapadeok/fluo-fe,0.0
esphome/aioesphomeapi,0.0
cs361w2019-osu/sprint1-team-1,0
sulzipteam/sulzip,0.0
Ada-C13/string-manipulation-practice,0.0
Gmarvis/whatsapp-clone,38.4615
yeputons/hse-2019-pb-tasks,0
arlekin12089/webhop-watches,0.0
jminguely/eikon-flex-1,0
zaviagodev/frappe,198.0198
Lv-672-TAQC-Java-project/codeWars672,0
MatthewScott-86/JobSkillsStatisticsWebsite,0.0
NVIDIA/cuEquivariance,0.0
awesome-davian/awesome-reviews-kaist,0.0
darkeris345/Winter-project-KOUDERIAI,0.0
tetorapod-a/fleamarket_sample_77a,0.0
RHEcosystemAppEng/feast,0.0
AntonioFlores1/Empty-Line,0.0
src-anolis-os/perl-XML-XPathEngine,0
src-anolis-ai/gdcm,0.0
src-openeuler/rubygem-serverengine,0.0
opencloudos-stream/libfreehand,0
src-openeuler/R-base64enc,0.0
src-openeuler/python-pyxdg,0.0
madskristensen/FileIcons,223.8806
Gyanthakur/Dev_Profiles,0.0
Gizra/og,33.2226
gdsckoreahackathon2022/gdsckoreahackathon2022.github.io,0.0
ConductionNL/skeleton-gatsby,51.2821
SightPP/Intel_IXN_SightPP,116.8224
LaTechnology/javaportal,0.0
react-native-website-migration/react-native-website,127.9318
The-REACTive-DOMinators/react_catalog,15.7978
joinpursuit/Pursuit-Core-Web-Unit-2-Assessment-6-4,0
tpkreddy/Apssdc-git,0
Zipcoder/Maven.Spring-QuickPollApplication,107.8749
California-Data-Collaborative/OWRScreator,0.0
learn-co-students/first-ide-lab-vfa-2019,78.4519
src-openeuler/python-zdaemon,0.0
SmartDroidies/e-angaadi-web,39.8406
wrytherUC/TrailAnywhere,20.5339
BabylonianTeam/Babylonians,114.2857
CSID-DGU/2024-1-OSSP1-moodoodler-8,0
KovalchukAIWE/foodies-front-end,0.0
rfcx/arbimon-uploader,82.6446
hummingbird-me/kitsu-mobile,0.0
The-Foragers/LeafyFriend,47.3934
oicr-gsi/dimsum,0.0
ZakharDay/UNIQ-101-002,0.0
CryptoWorldLtd/CryptoNews,0.0
peaksoft-school/bilingual-js11,65.7895
WilliamParsons/SlideShow,0.0
GlynLeine/RealisticPlantSim,32.2581
jenkinsci/lib-async-http-client,130.6241
cmm-20/final-project,0
nyu-software-engineering/fall-2019-spotterfly,0.0
fluencelabs/aquavm,28.6533
john-jebo/workshop,0
src-anolis-os/perl-Params-Classify,0.0
openharmony-sig/fluttertpc_sqlite3.dart,0.0
FilipMatys/MPR2015,0
NinaAguila/BA3101,0
LoLMatch/frontend,108.6957
Verizon/funnel,0
cobaltspeech/proto,0.0
OTI-SRM/srm_project,0.0
jocular-jaguars/GreatHunt,0.0
GoodDollar/GoodDAPP,0.0
datana-gmbh/scanio-lite,0.0
gravitational/teleport-plugin-framework,0
Yuto-tus/final_assignment_front-yuto-,0
appium/tutorial,0
Blue-Ocean-DBZ/vegetationstation,0.0
AY2425S1-CS2113-W14-3/tp,146.3415
kottz/D7039E,0
Chartes-TNAH/dictionnaire,0.0
CSE574Spring2020/project-submission,102.0408
liaten/kanban-board,0.0
src-openeuler/python-rsd-lib,0.0
src-anolis-ai/python-kornia,0.0
Foundation-19/Foundation-19,0.0
sweeneyde/3902-zelda-game,0
IvanLukyanau/LX.StaffScheduler.BE,0
DizzyEggg/pokeemerald,0.0
galynskyy/Goal,0.0
barbarakos/QuizApp,0
kruzhok/ramat-gan,0.0
unixnaresh/batch22aproject,0
GeekHaven/WebD-Selection-23-24-Final-Tasks,0.0
COPS-IITBHU/hello-cops,0.0
Montana-Code-School/git-your-message,400.0
CinemaStyle/GR_3371,0.0
infoshareacademy/jjdz2-email,0
rueljessica/CourseGenie,0.0
ataraxie/successorships,103.0928
capstone-travelbuddy/travelBuddy,0.0
COSC481W-2020Fall/cosc481w-581-2020-fall-convoluted-classifiers,0.0
dmkwis/TML-decoder,0.0
src-openeuler/lohit-nepali-fonts,0
ekoclike/burst,0
src-anolis-os/sblim-cmpi-base,0.0
src-anolis-os/python-webencodings,0.0
src-anolis-os/crda,0.0
src-openeuler/python-olefile,0
opencloudos-stream/python-passlib,0
src-openeuler/rubygem-docile,0.0
CMU-17-356/scheduleshare,0
dda5gi/algo-study,0
coconut-svsm/svsm,0.0
ClickHouse/doc-pr-preview-test,39.0625
HackYourAssignment/databases-cohort48,49.0196
Saloed/softdev-2023-spring-task-2,0.0
SI-RPL-2023/SI4401_KEL225_UKMFun,0.0
tsangjustin/taylorfit,0
Exordium-Project/e-shop,0.0
SocratesAcademy/cjc,0.0
gp1000-dev/gp-attendance,0.0
cse442-spring-2020-offering/cse442-semester-project-d-s-get-degrees,0.0
src-openeuler/perl-bareword-filehandles,0.0
src-anolis-os/osgi-compendium,0
rowanDEJ/43-project-2,0
0lezhka/logos,0
nyu-devops22-orders/orders,148.5149
digitalinnovationone/trilha-net-banco-de-dados-desafio,0.0
Badjeck/TRIVIAAAAAAA,0.0
XcooBee/xcoobee-js-sdk,104.3841
SoftverInzenjeringETFSA/SI2014Tim7,0.0
cyverse/qms,0.0
luiscastror9/MascostasApp,0
intuit/foremast,76.6284
upesacm/21DaysOfCode-2023,0
EllieSky/PythonBootcamp_Summer2021,0
the-collab-lab/tcl-22-smart-shopping-list,0.0
AY2425S1-CS2103T-T08-4/tp,0.0
mozilla/moz-l10n,0.0
Integreat/gemeindeverzeichnis,0.0
SebSchoeneberger/SnapTask-Fe,0.0
GregorJosh/goit-project-01,0.0
src-openeuler/perl-Test-LeakTrace,0.0
opencloudos-stream/perl-CPAN-Meta-Check,0
src-openeuler/nodejs-asn1,0.0
src-openeuler/hunspell-eo,0.0
src-openeuler/perl-DynaLoader-Functions,0.0
Sarhsian/EasyRestTests,0
infoshareacademy/jcszr12-AionCode,0
Ebraheem1/Der-Algorithmus2,0.0
JASantacruz/ISOFT2-2021-C03,0
davedelong/calendar_fallacies,0.0
postmanlabs/observability-glog,0.0
zer0-os/zSale-SDK,26.3852
SoftmedTanzania/opensrp-client-chw-hf,0.0
VitaliiPopov/Lv-481.SET-OpenCartTest,0.0
CitrusGender/tgstation,0.0
ueckoken/www.koken.club.uec.ac.jp,0
AT-08/coding,0.0
Aspire-Software-Solutions/RIVAL,0.0
oPhamQuangHung/g221_notes,0.0
tebexio/BuycraftX,148.1481
techlivewang/nativeShare.js,156.25
src-anolis-os/aom,0.0
src-openeuler/python-logutils,0.0
opencloudos-stream/kf5-solid,0
emqx/rabbitmq-common,0.0
Azure/terraform-azurerm-avm-ptn-hci-ad-provisioner,0.0
munyeol-Yoon/Permu,0.0
forktheonlyone/Funiture-OnlineShop,0.0
fe-nov22-WardNo6/product_catalog_frontend,0.0
meshkorea/springbootcamp,0.0
herdj/cs_361_400_f2020,0.0
freedomofpress/securedrop-workstation,0.0
trafilea/storefront-static,0.0
GuardosEpitech/Guardos,0.0
andrewkfiedler/reveal,0
Emilce-Cano/RefactoringLifeAcademy,0
AvengersTraining/HoangBN_Laravel_PHPBT,0
Kushal997-das/Hacktoberfest-2024,0.0
CODAIT/hadoop-yarn-api-python-client,23.2019
bcgov/cleanbc,0.0
src-anolis-os/gnome-backgrounds,0.0
evangadi/sample-repo,0
tekperfect/devops-sandbox,0
DEbinger/CEGS,0.0
alii/linear-style,136.9863
AT-03/RoomManager,0.0
seiyria/tournamentmango,0.0
zalandoresearch/psgan,97.0874
subodh30/Job-Analyzer,17.9533
cs4241-20a/a1-gettingstarted,75.0469
smartmind-team/thanosql-docs,60.241
LaughLog/laugh-log,0.0
hmcts/sscs-ccd-e2e-tests,0.0
andela/blackninjas-frontend,0
svbrodersen/CSC207_project,0.0
MET-CS673/StockPortfolio,32.3102
mate-academy/react_list-of-goods-js,0.0
agile-dev-assignments/project-setup-pinheiro-encompassing,0.0
michelboaventura/copper,0.0
BlueberryMountainStudio/SlavicHuntress,0.0
opencloudos-stream/gnome-shell,0
opencloudos-stream/kf5-kactivities,0
src-openeuler/perl-SVG,0.0
src-openeuler/spymemcached,0.0
src-openeuler/js-jquery,0.0
Silent4Devs/suite-web,0
thebadge/thebadge-website,0.0
vladarama/cranki,0.0
dirruk1/gnome-breeze,0.0
cloudfoundry/docs-dev-guide,0.0
QodeFarm/cnl-backend,0
bizzzzi/weats_spring,0.0
KodaCaleb/ShortStack,0.0
octopusden/octopus-dms-service,0.0
Codeit-Sprint-6-Team16/Team16-Openmind,0.0
NaKaLiGoBa/AlgoWithMe-BE,0.0
urfit-tech/lodestar-app-admin,0.0
net375/theater-schedule-mobile,190.4762
rabbitonweb/chamberconf_pokoje,0.0
LideLinusZhang/cs446-project,0.0
src-openeuler/nodejs-builtin-modules,0.0
src-anolis-os/python-podman,0
SangNyungLee/useMDP,0.0
labforward/laboperator-workflow-schema,105.2632
pyro-ppl/community,0.0
Log-Road/Road_FrontEnd,0.0
tstellar/llvm-project,0.0
GDSC-Algorithm-Study/Algorithm-study,0.0
ScipioWright/Archipelago-SW,26.5252
Year4-Games-Development/SBSP-A1-nav-combat,0.0
puppetlabs/vmstatus,0.0
materialsproject/api,322.5806
Mindswap-6th-Edition-Final/final-project-be,0.0
kopaldeep/dlops_activity,0.0
Clotonervo/Event-Planner,63.8978
Codeit-Sprint-Part-2-Team-6/Open-Mind,0.0
devhouserepo/SKN-Page,0.0
hackbots-3414/2022-Rapid_React,0.0
OasysFoundation/Oasys-Toolbox-React,0.0
HAUT-SE-OOP/Assignment_05,0
openkylin/qpdf,0
src-openeuler/perl-Dir-Manifest,0.0
opencloudos-stream/pyp2rpm,0
src-openeuler/ct-ng,0.0
ResurrectionRemix/Resurrection_packages_apps_Settings,0
skypro-backend/example-for-graduate-work,0.0
Projeto-grupo-05/projeto,0.0
ochan1/sp21cs184-final-project,0
PLADI-ALM/PLADI-ALM-Web,0.0
AustinCodingAcademy/advanced-testing-practice,0.0
emmoldovan/internship_web-dev,0.0
DeryaYasar/CtisProjectNew,0
hbz/laser-ygor,0.0
397-F19/LabCat-Native,0.0
polrmn/kapusta-app,0.0
gregraudenbush/FlaskDebugQuiz,0
gti-sos/SOS1920-05,0.0
IgorZhosan/java-filmorate,0.0
yuriy-tsarenko/java_essential,0
IBM/occupancy-insights-desk-sensors-tririga,29.3686
opencloudos-stream/python-oslo-vmware,0
src-anolis-os/ocaml-bisect-ppx,0.0
fenyx-it-academy/VIT-Python-8,0.0
Curlied/Front,0.0
iamitsily/Molar-ui,0.0
Tartarus-RBK/Hospital-System,0.0
bsidemyself/VillainousQuest,458.0153
FacultadInformatica-LinkedData/Curso2018-2019,51.0204
exastro-suite/exastro-platform-dev,0
mlp2018/fraud_detection,0
deepaksingh0207/bsms,0.0
Thesergiolg99/festify-issues,0.0
citec-spbu/Spatial-Data-ETL,0.0
KyoshiNoda/Elevate,0.0
SEI-R-10-5/react-ajax-swapi,0.0
soramitsu/soramitsu-iroha-balancer,0.0
kontur-courses/fp,0.0
hmrc/child-benefit-view-frontend,0.0
kyma-project/cli,58.4795
vinodkadam02/SpringBootApplication,0
src-anolis-os/atomic,0.0
src-openeuler/gz-tools,0.0
CarlosMtz1281/CaritasMty_HealthApp,0.0
newrelic/nri-flex,428.5714
tcgdigital/ERSClient-Iteration2,0
mulmagi/server,0.0
sequelize/sequelize-sscce,0.0
Lehcim1995/Rekeningrijden,0.0
learn-co-students/sql-crowdfunding-lab-v-000,77.821
brandonmousseau/vhvr-mod,0.0
goodrain/market-api-python,0.0
Glazoff/client-server-template-with-vite,0.0
cs394-s19/325poke,67.7966
ICP-hub/web3_date,0.0
qmargo23/CWTB_SHELTER,0.0
CS2103AUG2016-W14-C4/main,0.0
Club-PARD/PARD_iOS,0
ThjodskrarLokaverk/BlazorSkraWebApp,0.0
Dongmanee/backend,0
josandre/front-end-medical-app,108.6957
src-openeuler/python-scikit-learn,0
openeuler/allwinner-kernel,0.0
openkylin/gzip,0
opencloudos-stream/soundtouch,0
src-openeuler/quay,0.0
opencloudos-stream/shaderc,0
morivden/InfoEnvExpr2JavaGame,0.0
robinagandhi/hello-world,0.0
24-ITFO4-STDM-BRUE/12-03-JUnit-einfuehren,0
ValerieSharandina/ForHomeWork_Git,0.0
UniCourt/Website-Workshop1,0.0
DigitalPlatform/dp2,0.0
eaaristizabal1/OneSoftGroup,0
ImagingDataCommons/slim,0.0
OctopusDeploy/OctopusDSC,36.2976
oleelnes/Sandbox,0.0
neetibut/responsive_web2,0
samply/open-telekom-cloud,0.0
vovkatom/perfect-task,0.0
learn-co-students/rails-form_tag-readme-v-000,117.4345
you-yuan/AutoGeneratorCode,400.0
src-openeuler/perl-Env-C,0.0
openharmony/telephony_cellular_call,0.0
AD1616/breadbops-frontend,0.0
benja-iag/blockchain,0.0
GSG-G13/fluentoo,384.6154
ihhub/penguinV,0.0
brianalegre/OldEgg,0.0
ec-utblidningar-web20-csharp-intro/Agile_Demo,0.0
outfitterExpert/main,0.0
hpi-sam/rl-4-self-repair,0.0
karmada-io/website,0.0
kamil3197/agile-project-TEAMB,0.0
gotechnica/technica-site-2024,0.0
barcindia/Test,0.0
jeanfrancoisburnier/gr14,0
IDR/upptime,0.0
ihollander/js-mini-challenge-prework,83.7521
akoeplinger/runtime,34.0136
pyani-plus/pyani-plus,0.0
opencloudos-stream/python-inflect,0
openharmony-sig/flutter_widget_from_html,0.0
opencloudos-testing/snappy,0
ELEC2024-DEMACIANS-BSIT-32E1/ELEC2024_DEMACIANS_BSIT_32E1,0
sos-masters/sos-masters,0.0
MatiasViacava/BeeOrganizeedProject-Fronted,108.6957
jereor/Paradise_Falls,0.0
JoeDLehmanJr/Winter-2023-CPW226-Project-eCom,72.4638
OneilMagno/Night-Owl-Project-Repo,200.0
maintth1807076/mystore,0
FRC2706/2023-2706-Fall-Poseidon,0.0
StuntsPT/pr_bio_2021-2022_assignments,0.0
IBM/cloud-databases-node-sdk,0.0
watson-developer-cloud/dotnet-standard-sdk,208.7287
Netflix-Skunkworks/oxidized,10.1112
town-intelligent-beta/t-planet-cms,0
isystem20/capstone_qcpeso,0
abhisek247767/AI-ML-DL-Hacktoberfest2024-WB,68.0272
leemerlas/PrisonVisitApp-web-,0.0
Lambda-School-Labs/care-for-life-fe,48.0769
src-anolis-os/perl-Log-Dispatch-FileRotate,0.0
src-anolis-os/python-configshell,0.0
DUNE/duneana,0.0
shruthisalimath/TaskHive,109.8901
DishDelish/dishdelish-app,555.5556
The-CallBack-Cats/BagIt,75.0
hzuapps/web-wechat-2019,0.0
gaikwadabhishek/F22-CS151-06,0.0
mesalock-linux/aho-corasick-sgx,22.9358
CoderCollective-con-pen-ort-gon/CoderCollective,0.0
digitrp/fivem-public-board,0
hippospace/aptos-coin-list,0.0
radondb/k8s-radondb,0.0
saki0311/cloud,0
Bdataplanet/To_fly_or_not_to_fly,9.3985
learn-co-students/rails-activerecord-model-rails-lab-v-000,121.9512
urfu-2018/javascript-task-5,0.0
KlutzyBubbles/alchemy-unbound-status,0.0
Ditogos/Project_Team_12,0
tuanlam1610/20KTPM02-AWP-Project,0
src-openeuler/perl-File-Zglob,0.0
src-openeuler/ros2_rqt_srv,0.0
src-anolis-os/vala,0.0
src-openeuler/perl-B-Hooks-OP-PPAddr,0.0
Emanuelsoniax/CATNIPCHIP,0
DohuiKo/HUFS_MissingSemester_ToMeetGithubClass,0.0
Verity-Freedom/Tor-Portable,0.0
theRAPTLab/meme-2023,58.7084
DarrenVs/Cuboid,0.0
amitjuyal/MCAENDTERMEXAM,0.0
Rolkarolka/Hello,0.0
wirenboard/wb-nm-helper,0.0
Spearritt/Soro-s-Island,0
confluentinc/rest-utils,0.0
8848digital/erpnext,43.8596
thoughtstem/metacoders-dot-org,94.3396
pubnub/chat-engine,72.7802
puppetlabs/education-control-repo,0.0
ds5010/vaccines-3,0.0
Islandora-CLAW/islandora,0.0
opencloudos-stream/scala,0
src-openeuler/isula-rust-extensions,0.0
src-openeuler/wdiff,0.0
t-romani/Target_MVD_Api_py,0
fe-jul22-team6/product_catalog,0.0
ProgrammingLife2016/PL4-2016,0.0
Sercanbrack/dnd-right-here,60.6061
knight-haven/turtle-tracker,0.0
UdL-EPS-SoftArch/seedbank-gei,105.2632
SoftwareProjectIIGroep4/java,0.0
bgruening/galaxytools,42.1941
Codubee/MathSkillsMW3-4-Front,0.0
DataDog/cloud-provider-azure,0.0
HigaTakehiro/GraduationWork,0.0
Dugner/StripStrap,0
Val832/produit_digital,0.0
graeme-f/ISY-Sim1,0
andela/dark-knight-rc,0.0
UB-CSE/course-project-codeville,0.0
ros2/rosidl,0.0
src-openeuler/dynamixel-workbench-msgs,0.0
opencloudos-stream/sng,0.0
Juebele/Wellness-App,137.931
irenewuu/villager-wishlist,344.8276
UETCodeCamp/node-camp-02,0.0
mate-academy/qa_cypress_e2e_intro_adv,267.8571
Southeastern-Louisiana-University/cmps383-2024-sp-p03-cmps383-2024-sp-p03-g02,0
team-megatron/chess-app,0
DOPALTEC/Taller_Digitales_S2_2024,0
shubhamrajrah/MazeShift-Marauders,0.0
develhope/Java27-progetto3-team2,0.0
Talend/ansible-role-mongodb,0.0
tabocu/finantial,0.0
HelpLine-SPTech/helpline-app,0.0
uchicago-bio/2015-Autumn-Forum,0.0
CodeYourFuture/Node-Coursework-Week3,121.6545
schmidt1024/uptime-mgb,0.0
openshift-online/ocm-cli,0
aminroosta/binary-static,0.0
tipsi2022/Group18-Predicting-League-of-Legends-Analytics,0.0
src-anolis-ai/nnpack,0
src-anolis-sig/hml,0.0
src-openeuler/nodejs-debug,0.0
katievandyk/hypothetical_meals,0.0
hannerfirst/optimus-prime,0
part2-1/fandom-k,0.0
tarunaidoo/Infrastructure_Management,95.2381
os-autoinst/os-autoinst-distri-opensuse,140.8451
Kiresorg/tjx_csr_client_team_a,0
Aman22sharma/Hacktoberfest2021_beginner,124.4813
xtuml/chess,22.2222
Medical-Information-Assistant-MIA/MIA-BE,18.622
pavel-pasechnik/energy-flow,0.0
IBM/nz-adbc,0.0
390-2020-09-Fall/foofactors,0.0
UBC-MDS/DSCI-532_2024_17_Global-CO2-Emissions-Tracker,32.8407
akvo/Akvo-Theme,384.6154
aws-samples/aws-service-catalog-terraform-reference-architecture,0.0
scalableinternetservices/gigly,0.0
bcgov/moh-hnweb,0.0
src-openeuler/perl-CGI-Application-Plugin-MessageStack,0.0
src-openeuler/kf5-baloo,0.0
opencloudos-stream/nginx,0
src-anolis-os/python-wcag-contrast-ratio,0.0
src-openeuler/rqt_msg,0.0
KFalcon2022/intensive-tasks,0.0
CCISEL/ccisel.github.io,0
kubesphere/homebrew-tap,0.0
reprograma/On2-projeto-final,0.0
starlabspro-internship/TripMate,0.0
udistrital/administrativa_cliente,0.0
Team-Eazy-Meal-Two/new-eazy-meals,0.0
0chain/0chain,40.6977
teamlead11/GitNew4,0
oscarrina/finalAri,0.0
ONSdigital/dp-legacy-cache-proxy,39.6825
File-Converter-Team/file-converter,0.0
Sno-More/SnoMore,0.0
FINAL-TEAM4/itoxi-be,0.0
ieeehyd-website/2019,0.0
opencloudos-stream/libva,0
src-openeuler/rubygem-rspec-mocks,0.0
openharmony/third_party_rust_reqwest,0.0
woowacourse-precourse/kotlin-lotto-7,0
kiraacorsac/QuentinTeam,0.0
Match4ze/4zemi,0
codex-team/hawk.android,0.0
MarcoContreras23/AGRIMOP,0.0
TechNodes2-0/ElectiveHub,0.0
itsMounir/Multi-Merchant-Store,21.8341
AuroraBrune/graceFabrics,0.0
Parade-Wisuda-Oktober-2024/parade-wisok,0.0
MarcoWL/flag-git-workshop,0.0
replicahq/graphhopper,13.1234
babylon-finance/issues,0.0
scrapperorg/client,0.0
Evgenii-Bazhaov/Hacktoberfest2024,106.8376
99003550/SDLC-Calculator,0.0
settintotrieste/Victoria-2-Cold-War-Enhancement-Mod-CWE,0.0
battle-buddies/battle-buddies,149.2537
src-anolis-os/perl-YAML-PP,0.0
src-openeuler/python-cinderlib,0.0
src-openeuler/hunspell-et,0.0
src-anolis-dde/deepin-turbo,0
dguenms/Dawn-of-Civilization,0.0
hackathon-22-winter-01/hackathon-22-winter-01_backend,0.0
automation-tools-bootcamp/automation-tools-bootcamp,67.3401
frost0807/coding-test-study,0.0
geoext/geoext,0.0
Ryztiq/KaijuV2,0
udaykumarjangra/algorithms,0.0
ICS-414-In5PIRE/in5PIRE-code,0.0
ana-villalba/ProyectoFinal_DW_Grupo2,0
TAMULib/CatalogService,0.0
CS3219-AY2324S1/ay2324s1-course-assessment-g23,55.2486
FIAP-tech-challenge-fast-food/fiap-tech-challenge-fast-food,0.0
AaronWeber53/SRC-RP-Discussions,0
mikeudacity/ai-term2-beta-feedback,0
motleystate/moonstone,91.7431
githubschool/NB-gh4d,0.0
src-openeuler/perl-Regexp-Assemble-Compressed,0.0
src-openeuler/bam,0.0
src-anolis-os/perl-OLE-Storage_Lite,0.0
rochafialvin/git-2104,0
KaisongHuang/express,0.0
kossiitkgp/sandbox,140.1869
UMM-CSci-3601-S22/iteration-3-acerinox,20.0803
eppenney/eBook-Perpetual-Access-Rights-Tracker,0.0
McMasterAI/MacAI-Projects-Template,0.0
soluxsolux/solux_git_assignment,0.0
MetaMask/dapps,70.6714
woowacourse-teams/2022-dallog,0.0
infoshareacademy/jfdz10-nan-app,0.0
SW705E19/frontend,0.0
RoboticsTeam4904/2019-Code,0.0
AML-2304-NaturalLanguageProcessing/AmazonBooksRecommendation,0.0
dzm-fiodarau/SOEN341-Project,0.0
dxcli/generator-dxcli,0.0
coral-streaming/coral,0.0
Voyager003/modern_java_in_action,0.0
src-openeuler/python-pact,0.0
src-openeuler/nodejs-graceful-fs,0.0
src-openeuler/rubygem-erubi,0.0
joannashad/CEN4910,43.29
johnsondavid1107/theresFoodAtHome,0.0
kuroshum/signate_lesson,0
calvin-cs262-fall2020-teamH/habitbuddy-client,0.0
novasamatech/opengov-delegate-registry,0.0
mapbox/callback-timeout,0.0
andrewross4224/Launchpad,0.0
dftrakesh/shopify-admin-rest,0.0
oxdc/obsidian-vertical-tabs,0.0
Berzzerk/Fcompany,34.965
rdpeng/RepData_PeerAssessment1,48.7805
Wear-Weather/wearweather-FE,0.0
CS2103AUG2016-W15-C4/main,0.0
4398TempleSpring2020/cscapstoneproject-infinitetrivia,0.0
matlury/klusteri-website,41.3223
wandilediba/hashwork,0.0
google-research/remixmatch,0.0
openkylin/glibmm,0
src-openeuler/jfreechart,0.0
alfred-skyblue/v-scale-screen,0.0
calebp80/Project-2,47.3934
igor-bul/vyhodb,0.0
fdac19/students,0.0
CS2103AUG2016-W13-C2/main,0.0
KatrinSkyba/summer,21.3675
Mongen-Initiative/mongen-frontend,0.0
CodeYourFuture/bikes-for-refugees,43.8596
mozilla/nss-taskcluster,0.0
shaman-apprentice/byteAndPixel,0
APP-Android2/FinalProject-ShoppingMallService-team5,0.0
mozilla-mobile/update-experiments,121.9512
capstoneiTA/Interactive_Teaching_Assistant,47.1698
unity-sds/unity-cs,0.0
Lv-567-TAQC/CodeWars567,0
rmt-06-florence-fox/fancy-todo,0
camp-team/prevention-project,117.6471
xsuchy/git-demo,0.0
openeuler-risc-v/opengauss-dcf,0
src-anolis-os/grilo-plugins,0.0
janbeyer/FinanzApp,0.0
OliveirarDan/clickmed,0.0
MU-DBL/fatplants,0.0
DesarrollAR2024/proyecto-ispc-2024,0.0
CS3398-Rio-Bobcats/CS3398-Rio-Bobcats-S2018,0.0
nanshan-high-school/20201112-homework-basic,0.0
IsabelGaleano/projectApp,15.0602
C2H2-UF/ScheduGator,0.0
CordedWare/WarehouseManagementService,0.0
jminguely/17-amber,0
shabananavas/drupal8-commerce-bluesnap,57.8035
GDSC-Hongik/2023-2-Project-Track-FE,0.0
suitmedia/suitcoda,0
crican1/rare-server-group-project,0
JJCSA/backend,43.6681
larryTheCoder/SkyWarsForPE,0.0
antvis/.github,0
CS342/2023-Allergy,30.2115
src-anolis-dde/golang-gopkg-alecthomas-kingpin,0
opencloudos-stream/petsc,0
src-anolis-module/python36,0
src-openeuler/python-sphinx-tabs,0
UmerFq56/CSC207-GYMULI-,0.0
2021-tutoring/blog-backend,0
quay/claircore,0.0
tailscale/tailetc,0.0
RogerMendez29/Group5Bookstore,0
omalam/COIS2240Assignment1,0
dholliday3/ShelterMe_CS2340,0
PictsManager/PictsManagerFront,0
Honzapda/Honzapda_iOS,0.0
prenda-school/prenda-school.github.io,0.0
malerie-earle/S4-FinalSprint-FrontEnd,0.0
Moobbot/BTL_CSE481_CNPM,0
railbotan/sql,0.0
engtech-projects/MAC-loans,0.0
YixiongHao/spotify-wrapper,54.9451
amida-tech/indaba-client,46.9484
opencloudos-stream/conmon,0
src-openeuler/python-notify2,0
openharmony/multimedia_av_codec,0
src-anolis-os/python-nocasedict,0
RoboRavens/RapidReact,0
Multiplanetary-Innovation-Enterprise/trencher,56.6572
jenkinsci/ca-mat-performance-benchmarking-by-broadcom-plugin,0.0
Hack4Impact-UMD/Philippine-Nurses-Association-Of-America,0.0
OneTachi/career_helpi,0.0
sydsnow/OBRN,0.0
monitoria-ic-cc-ufpe/Projeto_WebDev_2019.2,0.0
algonquindesign-grads/2019,0.0
vinmarin1/open_access_journal_c_ui,0
NeilDG/GDFUNDA_Dirty,0.0
GoodTY/9.Level-Design-System,0.0
Lindsayw89/CS321_W6_Hackathon,0
erlinh/VisualNovel,869.5652
is51/catan,90.9091
coordinote/coordinote,0.0
tailscale/ssh,0.0
src-anolis-os/palisade,0
src-openeuler/certmonger,0
src-openeuler/perl-L,0
khakaa/algorithm-study,0.0
EnginyeriaSofwareUB/ES2017B1,0
ALOHA-CLASS/MSA9_BoardApp,0.0
oclif/plugin-interceptor,0.0
eunjung0122/PitaPet,0
PNV-FE-specialize-module/FE-CMS-PROJECT,0.0
LionTeam-17/CaloCheck,0.0
InFact-coop/create-refresh,0
nachosoloaga/target-mvd,23.8095
mozilla-l10n/www.mozilla.org,263.1579
deepset-ai/haystack-integrations,0.0
10-1-pursuit/lab-request-response-cycle-api-postman,0.0
moevm/mse_db_gen_tasks,0.0
mllam/neural-lam,0.0
ClickHouse/kubernetes-event-exporter,0.0
MMM-CalendarExt2/MMM-CalendarExt2,94.7867
Dufuna-Fem/Dufuna18,242.4242
src-openeuler/python-EditorConfig,0
src-openeuler/ghc-word8,0
containers/virtcontainers,0.0
Inteli-College/2024-1B-T02-EC10-G05,0.0
StarCitizenToolBox/uptime,0.0
aws-samples/deploying-unreal-engine-pixel-streaming-server-on-ec2,0.0
fe-oct22-movva/product_catalog_client,0.0
arquillian/arquillian-cube,0.0
ISPP-23-24-Grupo-3/musclemate-backend,0.0
mucsci-students/2022sp-420-AlarmSquad,111.9403
PhantomHunterRS/WorkFinal,0
khj0998/Invaders,0.0
Allen-ISD-Computer-Science/REPO_UltimateChess_2024,0.0
HB9HIL/wavelog,33.2226
rts-cmk-wu08/hifi-corner-topg-s,0.0
esmf-org/esmf-test-artifacts,0
learn-co-students/simple-math-001-prework-web,0.0
TNC-NMFO/NWLAND,0
hossa95/AsuMathLabG07,0.0
nromanen/TAQC,0.0
openkylin/tdb,0
openeuler-competition/summer2021-83,0
opencloudos-stream/perl-Moo,0
src-openeuler/nodejs-ebnf-parser,0
Snu0306/Project_Olive,0.0
OrangeScript/proyecto_misw4203,45.2489
Arch666Angel/mods,134.0483
brandonngjh/TrainingMgmtWebApp,64.7249
IFRS-Campus-Restinga/2024-1-TCC,181.8182
ferbihu/PF-GRUPAL,0.0
Imperface/drinkon-frontend,35.8423
DataDog/postgres,0
navadon/269103-2565-2-mid,0.0
Kenny-NISLab/openlab-2022,64.9351
amcharts/covid-charts,33.557
CMU-313/spring24-nodebb-sss,27.3973
sbukhari17/Chi411,0.0
NewsCraftNews/NewsCraft,0.0
goharbor/website,82.8729
openebs/openebs-docs,0.0
src-openeuler/python-dunamai,0
jimenanemina1/grupo_7_code_review,83.682
Pingu-Developers/InnosoftApp,0.0
tc-g8/acme-explorer,95.2381
Ada-C15/viewing-party,31.746
TheBestofBest/FinalProj_BusinessBridge,0.0
enjiawu/MAD24_P02_Team1,69.0052
shizuka12/final-tasks,0
bluemindhan/laonShop,0.0
rachaelbelle/goldstar,0.0
daluas/RoomPlanner,0.0
TheSecretOrganization/ft_transcendence,0
coursereviews/schedule,0.0
1OS-DevTeam/TodoPang,0.0
odoo-dev/odoo,0.0
group3-final-project/news_frontend,0.0
BSData/horus-heresy,56.1798
SCE-UMKC/ASESP2016_Blood-Donor_TEAM-4,0
MCastegnaro/UA-react-to-do-list,0
HMAN1911/WDI_9_HOMEWORK,0.0
src-anolis-os/python39,0
opencloudos-stream/numad,0
opencloudos-stream/python-certifi,0
src-anolis-os/perl-Net-SMTP-SSL,0
kulotsystems/psub-bsit3b-2023,204.0816
jenkinsci/appcircle-testing-distribution-plugin,0.0
airbnb/optica,0.0
yangyuebfsu/qiandao,555.5556
JCristancho/GitAcademy,0.0
e-bing/Algorithm_study,0.0
Sudhandiradhivya/ksr_newtask,0
IsacZetterstrom/Frontend-Project,0
SacOverflow/CAMEL-Services,8.6957
netlogix/docker,0.0
duckietown/course-RH,0
AlexandrPoddubnyi/command-project-js,0
alkemyTech/OT114-Server,952.381
team-four-ics414/voluntree,0.0
chaeyeonS2/Duckling,0
georgijbudik/project-tastytreats,21.5517
opencloudos-stream/plexus-containers,0
src-anolis-ai/magma,0
src-openeuler/ghc-conduit,0
src-anolis-os/httpd,0
angelogluz/repo-aval,0.0
IKS-cod/TW2,0.0
DemocritusLang/Democritus,0.0
cjh-19/Recall,0.0
BooksForMarcus/BookStore,0.0
davidgisbey/Airbnb_clone,58.4795
Juuhva/AFP-nagy-projekt,0
SanaBootcamp2022-23/SanaCSharp01,0.0
Kiopp/Dungeon-Crawler-Game,0.0
Alekstitula84/project_05,21.5517
BookLinkLab/booklink-front,0.0
1-system-group/Diary-Sample,0.0
Tejas1510/Awesome-Javascript-and-React-Project,0.0
piraeusdatastore/website,0
radarhere/docker-images,176.9912
Keigo50/EventApp,0.0
openharmony-tpc/chromium_third_party_colorama,0
src-openeuler/hunspell-gu,0
src-openeuler/perl-Log-Log4perl,0
cabinetoffice/gap-find-applicant-backend,0.0
dimpeshpanwar/javabasicprograms,0.0
moevm/oop,0.0
Leonam1212/hr-control,0.0
KamilD90/projekt-grupa-3,0.0
Alessandro018/Eis-aQuestao,0
CSE-210/Exercise-Buddy-App,0.0
kburk1997/RelieveMe,0.0
AlexBravo24Ceteq/JavaOctubre2024,0.0
IgorBulyzhenkov/team-project-react,0
CodeYourFuture/JavaScript-Core-2-Coursework-Week1,0.0
GamesPoly/-,0.0
INF16A/kochbuch-frontend,0
TToon-main/ttoon-server,0
devcareer/team-hacknode-e-wallet-api,0
facebook/.github,0
davidkislyak/NC-Document-Online,0.0
opencloudos-stream/perl-JSON-PP,0
opencloudos-stream/python-productmd,0
opencloudos-stream/bouncycastle,0
GiannettaGerardo/TicketYourTest,0.0
ratnesh-maurya/Educational-Tech-Exploration,50.0
LaucataPe/edupluss,0.0
utn-app-movil/examenI-tarea5,0
serakim1105/GEDCOM,0.0
cmangos/wotlk-db,0.0
EsDeSepa/GSI-2122-G04,0.0
mozilla/kanbugger,0.0
Tejaswini21/92R_10KCoders,0.0
OctoNezd/oldlander,101.0101
t9k/user-manuals,0.0
anct-cnum/dashboard,0.0
cscareerhub/csch-web,0.0
hi3g/freki,0.0
Ada-C14/dynamic-programming,0.0
nanshan-high-school/toi-202004-novice,0.0
e1b18051/B18-Wallet,0.0
src-anolis-ai/python-audioread,0
ga-wdi-exercises/haiku,59.5238
FancyMcPlugins/FancyNpcs,0.0
Redjumpman/Jumper-Plugins,0.0
Grsaiago/ft_transcendence,208.3333
micahkatz/cs4485-tutoring-website,0.0
NiME2151/Mittelstufenprojekt,138.8889
Devarasen/My-Fluffy-Friend,0.0
CombatExtendedRWMod/CombatExtended,116.9591
rockwiththis/rockwiththis-website,72.4638
enBloc-org/arebyte-plugin-v4,0.0
matsuda13/hfmy,0.0
collective-service/ifrc-gates-dashboard,0.0
brianbryank/game-haven,0.0
ds-ga-1007/assignment6,0
MikeSIOO/kotlin-team,51.5464
ok-technopolis-2021/registration,0.0
web-Nearest-car-wash/car_wash_backend,0.0
Alfresco/chef-aps-core,0.0
ReapOmen/open-media,0.0
openkylin/thunar-volman,0
src-openeuler/python3-docs,0
pabdelhay/paloptl,0.0
Javier-Fermin/FinalChallenge-LoL,0
primihub/cryptoTools,0
wgitw/git-study,0
deep-dive-everything/typescript-with-react,0.0
vapor/fluent-postgres-driver,0.0
cms-susy-soft-leptons/cmgtools-lite,0.0
orientechnologies/OrientDB-NET.binary,112.3596
BYUCS452F2019/budget-control,0.0
Evolitist/Heads-x-Hands-School-2022,0.0
Polymap4/polymap4-p4,0.0
demoiselle/signer,0.0
clearlinux/clear-linux-documentation,0.0
avincodes/UOK-Demo,0
bitprj/people,0.0
dimkr/tootik,87.3362
taosdata/taos-udf,0
ReshmiCode/ProductiviTree,14.9477
opencloudos-stream/p11-kit,0
openeuler/wayca-scheduler-bench,0
src-anolis-os/perl-Module-Build-Tiny,0
alkemyTech/OT242-Server,0.0
MyElectricalData/myelectricaldata_import,0.0
sakshipainuly/BSC-IT-2-MID-TERM-PRACTICAL,0.0
owlprotocol/workspace-public,51.5464
Matias-Villalobo/MarvelApp,0
AhmedAlmaghz/transformers,17.1527
geogreck/ics9-compilers,0
pace/cloud-sdk-capacitor-plugin,0.0
libretro/mame2003-libretro,69.4444
movingpictures83/PipeViz,0.0
AY2324S1-CS2103T-F10-1/tp,0.0
hmrc/income-tax-subscription-self-employed-frontend,0.0
cartermckinnon/amazon-eks-ami,83.682
SoftRyzen-internship/flora-decor,44.7427
thaibevdevRTM/e-Act,0
wizelineacademy/terraform-academy,113.6364
PawelRachwal84/ZDboar4,0
src-anolis-os/perl-PPIx-Utilities,0
src-openeuler/rqt_robot_plugins,0
src-openeuler/libchewing,0
src-openeuler/ghc-StateVar,0
martirdev/monorepo,0.0
HelpBerkeley/member-data,0.0
IshikawaMasato/visiontraining_2023,0
databricks/azure-relay-node,38.0228
flerdacodeu/CodeU-2018-Group6,0.0
Droids-Stock-Trader/Stock_Trader,0.0
bhumi1102/rails,52.4934
STih07/upmefrontend,117.6471
kkim-hgu/oss2019spring,78.125
Angeld55/Object-oriented_programming_FMI,0
BCCN-Prog/dwd_2018,0
sysdiglabs/terraform-azurerm-secure,28.2486
nbcamp-archive/kkuk-ios,0.0
ApollosProject/apollos-apps,0.0
zammad/zammad-documentation,0.0
ez-algorithm/algorithm,0.0
opencloudos-stream/lxc,0
src-openeuler/libkperf,0
src-openeuler/neo4j,0
GDevelopApp/GDevelop-documentation,0.0
topcowmoo/futuristic-wound,0.0
SMARTRACTECHNOLOGY/smartcosmos-devkit,0.0
misk-fewd2/09_javascript_intro_hw,0.0
franciuma/SisInfInt-Grupo-C,0
wilks625/MuscleMates,0.0
TheKyleKirby/GAME-GALAXXY,0.0
WildCodeSchool/202302-orleans-php-project2-abeille,105.8201
EPFL-ENAC/ALICE-ETHZ-AREMA,0.0
qbcore-framework/qb-clothing,0.0
krakenjs/anemone-lingua,0.0
dutchakyuliia/alpha-team__ice-cream,21.5517
epassaro/tardis,0
minionzu/it2-2016,0.0
nyu-software-engineering/recipe-recommender,22.0264
KH-SIXSENSE-FINAL/KH_FINAL,0
ironhack-labs/lab-express-basic-auth,0
src-openeuler/perl-MooseX-GlobRef,0
src-openeuler/litehtml,0
Saki-Ota/JS_practice,0.0
UW-Madison-DataScience/countries,0.0
Computing-For-All/nextjs-issue-tracker,0.0
ADS-Gang-of-Five/warikan-roulette,0.0
navikt/dialogmote,0.0
creechcorbin/to_be_adopted,0.0
Code-4-Community/speak-for-the-trees,0.0
AlexeyKiselyov/wallet-reactor,26.3158
dimatomilow/3D-Mode-team5,0.0
AppsLab-KE/backend-everyshilling,0.0
Tech-SummerCamp/tomonhun,120.4819
yahoo/maha,6.169
icefoganalytics/travel-authorization,40.9836
story-squad/tricktionary-fe,0.0
grails/grails-quartz,63.2911
DeveloperPetro/city-services,0.0
random-development/resources-monitoring-system,0.0
USGS-R/regional-hydrologic-forcings-ml,0.0
src-openeuler/felix-scr-annotations,0
src-anolis-os/texi2html,0
CESNET/netopeer,0.0
CS3219-AY2324S1/ay2324s1-course-assessment-g25,0.0
KienTMFPL23/Website_sell_soccer_shoes_bumblebee,0
GeekBrains2010/GitInstructionWorkshop_2023_12_17,0.0
SWP391-Group5-Gemify/Gemify,0.0
dunh-real/MockProject_112024,0
CastleberryMedia/atomic-lab,0.0
learn-co-students/review-map-state-to-props-readme-v-000,40.2145
IF-107-Ruby/paw-patrol,0.0
farrellja/URD,147.0588
SU21-DevOps-Shopcart/shopcarts,0.0
rust-vmm/vmm-reference,0.0
KMUTT-CampusLink/campus-server,157.8947
openai/neural-gpu,0.0
learn-co-students/yield-and-return-values-v-000,59.6421
goodrain/stack-images,0.0
DunaevViktor/VJV-Survey,0.0
htl-leo-itp-2325-4-5BHITM/drivers,0
src-openeuler/perl-Mail-Message,0
src-openeuler/xfce4-weather-plugin,0
src-openeuler/urdfdom_headers,0
src-openeuler/perl-Test-Pod-Content,0
gafu2317/AIScheduler,0.0
shentufoundation/testnet,9.1827
aowenmeehanwork/CapabilityViewer,0.0
tavargas9/DishDiscovery,68.1818
codesquad-members-2023/gaemi-marble-team-04,0.0
infinite-options/Project-Caitlin-Web,0.0
NokIkNick/SP2-WorkshopAPI-09-04-24,60.241
nus-tic4002-AY2122s2/ip,0.0
FeliciLab/dataLab,0.0
CMarstonGamer/GamingCheeto,0
DaniAm94/travel-app,102.5641
taichi-dev/rke2-aws-tf,0.0
Ronal2710/TrabajoPW,0
ryanbas21/forgerock-javascript-sdk,56.338
wDCat/ANRC,0.0
simpleman19/eagleEvents,0.0
src-openeuler/ros2_geometric_shapes,0
src-openeuler/ukui-notebook,0
openeuler/ai-tools,0
mbuvimuia/AdidasSmartRecs,30.1205
RoryVaughn/VRBeerPong,0
daledotshan/liferay-portal,0
AlfianKamil9/afeksi-batch-3,0.0
nicgauthier/git-styleguide-workshop,0.0
GrimCo/CoopLife2,0.0
mykytapokasiuk/mimino-team-project,17.5439
Tournamanager/api,0
jap-2024-grupo2/e-mercado,0.0
Purcs3d/phishing-softhouse,0.0
56duong/syncio-webapp,13.1234
elifatci/com.Buysellcycle_UI,0
sweIhm-ws2018-19/skillproject-fr-15,0.0
Aygun2210/crm_automation,0
nickroberts404/cs373-idb,0.0
Altinn/altinn-register,0.0
CruzHacks/cruzhacks-2021-website,0.0
src-openeuler/openstack-manila,0
src-openeuler/rubygem-coffee-script,0
cyzshenzhen/GJP-tools-chrome-extension,0
RomanMyth/ShiftHappensMotors,0.0
galeslash/Aegis,0.0
colewebb/group-8,31.746
OpenVisualCloud/Immersive-Video-Sample,87.3362
se-edu/addressbook-level2,0.0
Azure/fta-azuresecurity101,0.0
alan-turing-institute/github-introduction,68.2594
MetaCell/c-elegans-app,0
AlSaqr-platform/cva6,8.0321
gnimty/frontend-gnimty,0.0
THartmanOfTheRedwoods/Java-Lab-001,0.0
msoeSE/legalAidFinder,0.0
WilhelmusLab/ebseg,63.2911
Ensembl/ensembl-web-tools-api,0.0
codeu-su-19-team-48/team-48-codeu,0
OBeeNya/42_ft_transcendence,0
CMPUT301F21T36/OldHabitsDieHard,0.0
opencloudos-stream/perl-Software-License,0
src-openeuler/hyphen-te,0
anolis/linyaps,0
opencloudos-stream/python-cccolutils,0
src-openeuler/perl-constant-boolean,0
Dcao23/TripsTogo,0.0
COMP231W21-G3/COMP231W21_G3_PHONNECT,0
CS3398-Rust-Buckets/S2017,0.0
henriksen-marcus/Moose-Gamification,0.0
wharfkit/cli,0.0
bar-d/AlgorithmStudy,0.0
hunter-college-ossd-spr-2020/project-evaluation,78.125
f-lab-edu/delivery-food,0.0
OpusCapita/supplier,41.4938
auditplus/pg-graphql,0
edwin-do/capstoneTeam30,0.0
FinalAngel/django-cms,0
ShoyaSuzuki-bst/todo-list,0.0
iTALC/italc,58.4795
scrowl-io/scrowl,83.5655
darenegade/BookNBlock,0.0
Zarebin/nextgen-js-4,0.0
snu-stat/stat326_621a-2018-hw2,73.8007
BinarCode/blog-intership,0.0
glebek2h/EHitchhiking,0.0
kaltura/server-native-utils,0
