repo_owner,repo_name,complexity_score,success
src-anolis-os,libgpod,2,True
krystianklimczak,teamproject-html-css-anemone,13,True
SHAZzZ97,GitDemoRepo,8,True
J3LopezL,sanbryjoha,42,True
SENAI-Morvan-Figueiredo,ClinicaVolkmann,94,True
kitab-bazar,server,90,True
databricks,pileup.js,168,True
src-openeuler,perl-Pod-Coverage,11,True
mosn,configure,22,True
intercom,intercom-cordova,24,True
RavenProject,ravenproject.github.io,109,True
AliyunContainerService,ackdistro,60,True
leenlab2,reminiscence,114,True
372dev,CultureMate,13,True
Bogdawaa,iOS-FakeNFT-StarterProject-Public,32,True
marwankau,cpit210-activity-3,9,True
rapid7,pcaprub,28,True
kubevirt,demo,9,True
flowriteapp,flowrite,72,True
NikolaySavenko,bignum-wizard,8,True
temty180447,Calculator_-,14,True
eielelle,gradify-web,63,True
src-openeuler,jbossws-parent,9,True
src-openeuler,openstack-neutron-vpnaas,4,True
src-openeuler,crash,19,True
gustavoromito,eng-project,84,True
navikt,tilleggsstonader-sak-frontend,23,True
phrack,ShootOFF,130,True
Ureca-team-for-Miniproject,URECA-Cinema,20,True
ViveportSoftware,pc-lib,31,True
Pray2U,Algorithm-Study,194,True
HarmonyOS-tpc,MaterialProgressBar,17,True
src-openeuler,python-flake8-polyfill,9,True
Azure,azure-functions-vscode-web,4,True
takamuu,obento_takeout_app,70,True
opensearch-project,documentation-website,770,True
src-openeuler,glassfish-jsp,17,True
Codubee,FoodFiendsMW5-6,12,True
justinberg97,digital-wine-cellar,52,True
jenkinsci,byte-buddy-api-plugin,10,True
AIIT-OikawaPBL-2023,slack_bolt_sample,96,True
gasashi,freemarket_sample_65a,52,True
butlerch,Capstone_2022_2023,55,True
ngaut,unistore,136,True
YandexPraktikumDublin,PotatozationOfMars,68,True
Hack4Impact-Princeton,alp-portal,231,True
aemsites,vg-roadchoice-com,135,True
src-anolis-dde,kde-settings,4,True
apache,sling-org-apache-sling-validation-api,12,True
apache,sling-org-apache-sling-validation-test-services,10,True
src-openeuler,nodejs-set-immediate-shim,9,True
eclipse,emf-query,239,True
zukva,krokodiller,28,True
IBM,dap-blueprint,238,True
SimonStevns,gruppe14sp2,3,True
couchbase,docs-mobile,6,True
awsdocs,aws-java-developer-guide,8,True
codemonkeyspoon,Social-Revue,68,True
borisumss,LongOldLivePlus,8,True
linamacromer,TripTip,50,True
src-openeuler,perl-MemHandle,8,True
Weasyl,weasyl,278,True
RedGarage,Beto,84,True
pigskin,kodi-gamepass,13,True
youheikawaguchi,closet,11,True
prometheus,client_java-benchmarks,2,True
astronomer,astro-blog,1648,True
Victor-CapstoneEOI,EOI-Capstone,24,True
hellt,vrnetlab,103,True
CodeYourFuture,JavaScript-Core-1-Coursework-Week4,34,True
ShinhanETS,ets-demo,34,True
hp77-creator,test-git,111,True
NixOS,ngi0-infra,28,True
cloudfoundry,bosh-psmodules,2,True
The-POS,The-POS-Flutter,31,True
sf-wdi-26,homework,170,True
pobluesky,customer-inquiry-system,16,True
JoeyChiou,B20150318,4,True
Akanksha1212,C_Programs,682,True
macro161,PSK,99,True
Kurash1,FantasyWorld,144,True
Anuja-2000,article-topic-platform,167,True
linusalpsten,Skolpatrullen,4,True
ByunMinJae,KH_Front_Project,0,False
src-anolis-os,wxGTK3,4,True
Adi8080,Hactoberfest2021,823,True
opencloudos-stream,python-vine,2,True
src-openeuler,python-kickstart,4,True
ucuapps,robert,26,True
scm-spain,boros-tcf,18,True
DigitalKampong,dk-api,37,True
WishMarket,WishMarket-BE,10,True
abdalazeezS,git-session-task,10,True
accesscode-2-2,unit-2-hw-1,2,True
tamuratak,LaTeX-Workshop,146,True
src-anolis-os,qt5-qtbase,176,True
Tellyou6bu6,CSE-442-Project,5,True
pnumin,K-digital-2024-7,2,True
uksaha77,recipe-hub,54,True
JC47-TeamMajesty,majesty-space-tours,40,True
ironhack-labs,lab-javascript-vikings,10,True
UGS-GIO,forgeApp,34,True
brandonscholten,HIC-DB-2024,28,True
matrixorigin,CI,3,True
RaheemBux,super_market_store,9,True
OCR-D,core,108,True
YoussefAlmardini992,Impala-gymnastiek,8,True
ElizJogar,UNN-C-Style-Checker,14,True
MayurDeshmukh10,Sudoku,16,True
p0x6,holberton-react-workshop-homework,4,True
jktemple,Untitled-Parkour-Game,12,True
globalbrain,sefirot,45,True
CommunityHub-Qro,queretaro-si-sonrie,38,True
HSKE-Streaming-Server,media-streaming-server,81,True
Shining-Jicheon-Stars,yjg-dart-flutter-frontend,42,True
ItAcademy2023,Java_oop_basics_part_one,4,True
uprm-inso-4116-2020-2021-S1,semester-project-team-b,34,True
gti525,h19-passerelle,51,True
src-openeuler,perl-CGI-Simple,8,True
AY2021S1-CS2103T-F11-2,tp,41,True
cmss13-devs,cmss13,312,True
hanaro-3rd,frontend,32,True
hclgopalsingh,content,10,True
ARM-software,psa-arch-tests,20,True
fegemo,cefet-web-weblot,30,True
Dagorik,git-clase-master,72,True
openeuler,intel-qat,4,True
epfl-si,PhDAssess,58,True
mate-academy,py-tickets-and-orders,43,True
aws-samples,ec2-classic-resource-finder,15,True
grafana,stackdriver_exporter,58,True
pagopa,pn-radd-alt,15,True
opencloudos-stream,asio,2,True
andela,caret-bn-backend,28,True
yudhiesh,week1-devops,10,True
GroupACEN3031,Sprint1,72,True
diegoew,gas_monitor,40,True
raghunat,fall-2018,10,True
opencloudos-stream,mobile-broadband-provider-info,2,True
quanteda,quanteda.org,24,True
GiliazovaPullrequests,VersionControl_Seminar3,2,True
OleksiukStepan,library-service-api,126,True
src-openeuler,python-werkzeug,10,True
stfc,xrootd-ceph,46,True
asterinas,lmbench,369,True
reprograma,on20-tet-s5-logica-js,14,True
praktikum-pl-ife-2016,soal6,8,True
swiftinsg,About-Us-2022,8,True
src-anolis-os,python-cloudpickle,4,True
thedavidmeister,dim-valley,19,True
open-horizon,open-horizon-release,4,True
Azure,enterprise-chat,61,True
SaltyQuetzals,picachu,90,True
estevez-dev,ha_client,90,True
notweuz,FNF-OSEngine,211,True
Ana-vitoria-nunes,PagueCerto1,8,True
skyboy,MineFactoryReloaded,8,True
tuwaiq-ios,day62-lab1-coredata,2,True
src-openeuler,libiodbc,9,True
src-openeuler,xfwm4,5,True
dsc-sookmyung,2024-02-Android-Study,25,True
13Blackmagic,What-we-drinkin,54,True
kaygar86,team_12_project,18,True
enpitut2018,hakohugu_winter,62,True
CodeTheDream,TFA-lesson-bank,76,True
RahafB,bash_basics,38,True
emqx,emqx-terraform-docs,10,True
openstack-k8s-operators,install_yamls,103,True
silvam22,workout_tracker,62,True
intive,patronage22_poznan_js,68,True
src-openeuler,ghc-zip-archive,8,True
zeca9189,2016SpringCSE406,52,True
lassiterda,project-3,46,True
lawrencemsteven,BFBB,192,True
src-anolis-os,perl-HTTP-Message,2,True
Computational-Content-Analysis-2020,Readings-Responses-Spring,2,True
Piotr-Glab495,SportEventManager,12,True
ferdium,ferdium-recipes,33,True
TelRanTest,TelRunGit,86,True
beatlink-epfl,beatlink,19,True
jina-ai,executor-text-laser-encoder,25,True
yasatr,PSS_capStone_E-Learning,12,True
tapaswenipathak,Internship,4,True
go-kratos,go-kratos.dev,24,True
GuillaumeGomez,test-rust-docs-ui,36,True
Nienkedn,Nieuwsanalyse8,35,True
branoholy,update-files-action,60,True
mozilla,srg-pre-crawl-utils,34,True
TelerikAcademy,JavaScript-OOP,6,True
AusTINCANsProgrammingTeam,2022Swerve,26,True
src-anolis-os,s390utils,2,True
capstoneteamb,capstone360,146,True
Fifis-Organization,Brocoli-se,8,True
WilliamDodds123,NoMeaslyFeat,66,True
grafana,astradb-datasource,65,True
puppetlabs,waitfor,2,True
WDI-SEA,Sample-Project-Git-Workflow,40,True
APisDriven,gitPayd,22,True
aws-samples,lambda-web-scraper-example,17,True
web-building-blocks,shadcn-ui,44,True
khanhdx,DATN_WD_08_FA24,71,True
manabie-com,togo,2,True
src-anolis-os,perl-Devel-Cycle,2,True
HarvestHaven,TPOT-Next,176,True
V-Sekai,v-sekai-game,25,True
laysgabrielle,biblia-em-ordem,16,True
lsalluri,myfuel.ai,0,False
algorithm006-class02,algorithm006-class02,2,True
Fenshway,itsc-4155-project,30,True
221230pm362,semiRepo,2,True
src-openeuler,ros2_hls_lfcd_lds_driver,9,True
Halium,docs,41,True
src-anolis-os,perl-DateTime-Format-Builder,2,True
opencloudos-stream,perl-XML-NamespaceSupport,2,True
shrubjc,bjc-tech,24,True
metabase,sdk-kotlin-spring-be-example,8,True
AY2021S2-CS2103T-W13-3,tp,41,True
Ferlab-Ste-Justine,clin-pipelines-dags,145,True
EfficientElephants,project2020,61,True
sd16spring,TextMining,2,True
openkylin,libio-stringy-perl,4,True
CSCI3308-Fall22,CSCI-3308_Group_Project_Team_015-01,30,True
ayushpreenza07,SalesforceAutomation,57,True
department-of-veterans-affairs,cql-transpiler,51,True
CS2103-AY1819S1-T09-3,main,47,True
WSO2Telco,component-dep,10,True
mkulesh,onpc,26,True
src-openeuler,ghc-cookie,8,True
learn-co-students,html-issue-bot-9000-vfa-2018-v2,10,True
UCL-MPHY0021-21-22,average_squares,3,True
Guptacos,spotifython,96,True
elastos,Elastos.ELA,260,True
ub-cse442,election-and-data-sci,441,True
UEHMonQAQC,23_902,0,False
CSID-DGU,2021-1-OSSP1-GONGSSOCOOL-3,68,True
src-anolis-os,libid3tag,2,True
zzooong2,TeamProject_VibeVillage,15,True
gracexcabrera,Shadowed,62,True
m16u3l,asignacionDeTribunales,75,True
DeadlineShooters,Ads-Management,81,True
bbangHo,condingTest,7,True
MovieBook-2,moviebook,8,True
Beleguic,ChallengeStack2,16,True
koorukuroo,pda_5th,72,True
develhope,Java17-Team2-Dealer,5,True
asrjccp,perse24,2,True
aiscience-22,UA_War,56,True
hacktoolkit,django-htk,463,True
rabbitmq,rabbitmq-prometheus,60,True
apache,apisix-website,84,True
aws-samples,aws-genomics-workflows,35,True
calblueprint,chinese-newcomers,52,True
kaltura,swiv,51,True
CTQPuebla,JavaSept22,0,False
src-anolis-os,python-sphinxcontrib-devhelp,4,True
joinpursuit,9-1-module-three-assessment,46,True
TeamStoic,StoicChess,38,True
aws-ia,cfn-ps-amazon-redshift,19,True
hyekyung-oh,LIVE_BOOK,63,True
toku-sa-n,antei,22,True
JungWook87,MovieSourcing,0,False
aurnabdas,CapStone-Film-Analyzer,13,True
bnajafi,BuildingSimulationProject_Polimi_TES,542,True
MyungJiwoo,AJD-algorithm-study,45,True
lamassu,lamassu-server,459,True
ICEI-PUC-Minas-PMV-ADS,pmv-ads-2024-1-e3-proj-mov-t2-farmaonline,57,True
cod3ctq,javaAgosto24,0,False
datastax,astra-streaming-docs,18,True
puppetlabs,puppetfile-check,10,True
firsttris,plugin.video.sendtokodi,22,True
aayushi-droid,Python-Thunder,335,True
Gatis1,ZDZU,140,True
afifudin24,FinalProjectPMO-OK,23,True
openkylin,i2c-tools,4,True
bestmealever,Thebestmeal_Spring,10,True
src-openeuler,perl-Date-Simple,8,True
6tail,lunar-go,110,True
njwhites,checkin,29,True
AdrenalinV,lk_loyality,12,True
learn-co-students,sinatra-fwitter-group-project-online-web-sp-000,18,True
azkaban,azkaban-plugins,72,True
lilkxst,iOS-FakeNFT-StarterProject-Public,16,True
bytedance,trace-noschedule,5,True
netlify,dbt_greenhouse,28,True
quanzhanying,jdstore,42,True
DuyLong27,DuAnTotNghiep_SD111,5,True
trejoRogelio,mobile-programming,4,True
LiminalVR,LiminalSdk-UnityPackage,86,True
src-openeuler,lxshortcut,9,True
assist-1,lab11,2,True
src-anolis-os,grilo,2,True
morpht,convivial,21,True
Fruitfella,ROBOT-binary,10,True
ces-huynguyen,liferay-portal,788,True
svetlemk,Stellan_Sprint2B28,2,True
Kitura,Kitura-net,37,True
freshworks,marketplace-sample-apps,12,True
newrelic,docs-website-i18n-phrase,130,True
middle-Atlantida,Battleship-Atlantida,55,True
auddus16,KimHwangBaeStreet,53,True
Ndani-Technologies,greenme-fe,36,True
kst6294,wanted-preonboarding-challenge-backend-20,2,True
asharma8602,Introduction-to-Deep-Learning-and-its-Applications,36,True
Tereneckla,wotlk,79,True
2-2-22,rolling,24,True
SetProtocol,set-protocol-v2,74,True
intel,processwatch,33,True
iman-salmani,iplan,54,True
dankelley,oce,1724,True
helpcrunch,helpcrunch-symfony,8,True
DevDmitriy,git-lesson,34,True
ProyectoIntegrador2018,conexion_tec_2,62,True
ktminks,CEN3031SPR23,60,True
anhquan14072002,IT_LEARNING_WEBSTIE_FE,22,True
leftshiftone,conveyjs,57,True
brainsum,c2distro,20,True
CodeClouds-Guru,99ventures,46,True
Boonapart228,AndroidQuestionsApp,19,True
ironhack-labs,lab-javascript-chronometer,16,True
opencloudos-stream,ocaml-cppo,2,True
Btotals,whereIs,8,True
gogaille,blog,38,True
DSC-UTMap,utmap-website,21,True
SAP-docs,sapui5,10,True
ucsb-cs184-f24,team10AlcTracker,41,True
electron,universal,52,True
ICEI-PUC-Minas-PMV-ADS,pmv-ads-2023-1-e1-proj-web-t15-e1-proj-web-t15-time4-projlivroapp,34,True
Mozcalti,GamingPlatform,30,True
ucsdlib,dams5-cc-pilot,70,True
HSE-CS,Test,20,True
Natal1a-Chuklina,java-filmorate,13,True
patronusv,bookreading-client,16,True
buuhuu,maruti-playground,89,True
FundIngSoft2021-10,phoenixWear,34,True
mystic-ai,pipeline,50,True
Hunter2065,ChewiTest,64,True
Qihoo360,XLearning-XDML,43,True
cucapra,dahlia,78,True
summer-troopers,better-moodle-ui,34,True
hassio-addons,addon-traccar,30,True
src-openeuler,ifm3d-release,4,True
src-openeuler,perl-parent,5,True
wizelineacademy,itesm-socioformador-ago-dec-2023-team-03,22,True
minallaad,SER517-Capstone---Project-10,100,True
abrinckm,TE-Performer-App,37,True
lookiesmu,LOOKIE_BACK_2022,2,True
nnstreamer,nnstreamer-windows-resource,2,True
ODOICHON,frontend,38,True
emqx,NanoSDK,201,True
Team-Cartographer,SUITS-2024-LMCC,48,True
fglaw,repaired,64,True
n8n-io,codemirror-lang-n8n,20,True
mariusbalcytis,webpack-bundle,18,True
openkylin,libopenmpt,12,True
CMPUT301F22T19,DietScoop,25,True
dojo,docs,946,True
pagopa,p4pa-payhub-activities,15,True
Servond,jcwd220202,10,True
sad-cow-png,Shared-Spaces,7,True
nrfconnect,nrf_wifi,17,True
BoutSoftware,PadronDigitalPAN,30,True
ethereum-optimism,op-analytics,351,True
cardano-lightning,cardano-lightning,26,True
KSigurd,KROLF-household-app,128,True
PeterFiorentino,Choral,18,True
ironhack-labs,lab-css-spotify-clone,22,True
openkylin,libclass-method-modifiers-perl,8,True
src-openeuler,libsvm,7,True
at-android,2016-k2-training,13,True
bandprotocol,chain,125,True
libsdl-org,tremor,195,True
DariaSavchenko12,SymundCloud,2,True
iotaledger,entangled,199,True
Deepwarrior,axolotl,26,True
CEN-Project-Group-2,Bookstore-API,25,True
HarvardWestlake,CapitolClash,136,True
CMU-17313Q,fall23-nodebb-inshallah-a,227,True
cjswn10,Blank_mobile,3,True
cockroachdb,readline,74,True
rudderlabs,rudder-transformer,74,True
cedelabs,ccxt,521,True
brianchandotcom,liferay-docker,154,True
rubyforgood,discourse-ticketing,20,True
kimtaeyeon04,TeamPro_5-frontend,24,True
opencloudos-stream,libXext,2,True
OPEN-ENT-NG,support,21,True
jina-ai,executor-glb-crafter,25,True
src-openeuler,python-baluhn,9,True
src-anolis-sig,noslate-anode,4,True
OHIF,react-vtkjs-viewport,64,True
src-openeuler,python-fabulous,9,True
EsreverWoW,ShestakUI_Classic,38,True
pintheworld,pintheworld,35,True
DUNE,dune-tms,148,True
geocollections,geokirjandus,126,True
tbriany,Carry,18,True
Jeff-Paul-Greco,Project-2,40,True
commitay,homebrew-cask,2020,True
hanfel-dovned,Skyview,40,True
Arquisoft,radarin_en2a,52,True
wso2,apim-apps,40,True
SociallyCompute,MizzouSENG,8,True
etherealgloriaw,ae86-team-car2share,28,True
mozilla,thimble-homepage-gallery,2,True
src-openeuler,xprop,9,True
bjornblissing,osgoculusviewer,65,True
olumayor99,Kadivi,2,True
manabr0w,DB_COURSE_WORK,14,True
src-openeuler,python-scripttest,8,True
IBM,Voice2Series-Reprogramming,78,True
trackstarhq,documentation,66,True
ishandeveloper,Coursify-hacktoberfest,24,True
sul-dlss,dor_indexing_app,58,True
aws-ia,cfn-ps-cisco-duo-network-gateway,21,True
mahdiguermache,transition,60,True
airbnb,lottie-spm,10,True
opencloudos-stream,ocaml-calendar,2,True
src-openeuler,xacro,9,True
blockchain-jd-com,jdchain-indexer,90,True
wlk-dev,shift-tracker,12,True
CUWesternBlister,CommunityReviews,90,True
harvard-library,archivesspace,205,True
ivergil,grocery-list,40,True
JananiVijaykumar,BJC-Teacher-Tracker,54,True
heettae,TravelInMap,3,True
tothbence9922,Heartloc,16,True
jenkinsci,javax-activation-api-plugin,10,True
simibubi,Above-and-Beyond,242,True
srinibasbiswal,HacktoberProfile,24,True
src-openeuler,perl-XML-Tiny,8,True
src-openeuler,python-smartypants,9,True
SergioAlejandroM,Proyecto-NYC-Taxis,97,True
ferrolho,feup-ldso,28,True
newrelic,newrelic-infra-checkers,28,True
jonathanParamo,storageAdministration,36,True
FilipRechtoris,git_workshop_wta12,70,True
hashicorp,waypoint-template-go-protobuf-api,23,True
AvengersTraining,pets-nuxtjs,82,True
DuendeSoftware,docs.duendesoftware.com,28,True
joinpursuit,css_grid_exercise,12,True
hyperledger,iroha-javascript,46,True
adobe,parliament-source-jsonschema,20,True
microsoft,.github,30,True
alaingilbert,pyogame,32,True
RaterWebsite,Rater,14,True
fatimatechcampus,TechCampus-Three,10,True
CS3219-AY2425S1,cs3219-ay2425s1-project-g06,14,True
clojars,administration,4,True
arsh459,Quora-Cloning,16,True
opencloudos-stream,smartmontools,16,True
LikeLion-11th-Domtory,Domtory_Server,229,True
DeclareDesign,estimatr,168,True
openkylin,libtest-memory-cycle-perl,10,True
Azure,ADME-Solution-Accelerators,8,True
instructure,terraform-aws-ec2-autoscale-group,19,True
klaseskilson,vattentornet,54,True
openharmony-sig,flutter_pdfview_will_delete,31,True
OpenLiberty,guide-liberty-deep-dive-gradle,86,True
bxhsiman,BUPTSmartCarLearning,2,True
EugTech,king-pong-plan-2019,2,True
src-openeuler,nodejs-spdx-license-ids,9,True
microsoft,aitour-unlock-value-with-copilot,12,True
progedu,pull-request-training,2,True
StellarisW,cwgo,70,True
Molnes,Nyhetsjeger,37,True
ameliarahman,second-meeting,2,True
math-sousa,Lost-and-found-pets,104,True
ICEI-PUC-Minas-PMV-SI,pmv-si-2024-1-pe1-t1-nafaixa,78,True
src-anolis-ai,python-srsly,4,True
opencloudos-stream,iputils,10,True
commons-stack,ABCswap,6,True
tryyang2001,CS3213-Frontend-Management-System,45,True
src-openeuler,catfish,5,True
LikeMindsCommunity,likeminds-chat-reactnative,80,True
vention-js-lab,ventioners-stayhub-backend,30,True
gb-babybaby,baby-baby,6,True
fe-jul22-team10,project_nice_gadgets,28,True
mbrewer05,csc307-team3project,23,True
aws-samples,aws-config-track-aged-access-keys,9,True
chimerror,code-reviews,5,True
voorhoede,code-class-ci,36,True
alinealien,jogo-da-velha,4,True
nextcloud,nextcloud-directediting,28,True
food-rescue,food-rescue-app,8,True
infoshareacademy,jfdzr1-dancing-potatoes,92,True
woof-board,woof,16,True
Nirothipan,micro-integrator,28,True
antsermen,Acme-Toolkits-E3.08,2078,True
isomerpages,moe-evergreensec,920,True
mpashchenkov,open_model_zoo,63,True
Phansen47,FoodFeed,40,True
src-anolis-os,python-kdcproxy,2,True
augustoa10,Livraria,6,True
unt-carpentries,2018-06-05-unt-swc-collaboration,394,True
jjakobsons87,dino-adoption,22,True
JustasGau,DonjinKrawler,21,True
src-openeuler,openstack-octavia,4,True
lagom,online-auction-java,23,True
ds-ga-1007,assignment8,936,True
younjun1234,WOOFLY,10,True
2nd-team-b,front-wait,14,True
LAyers45,devsLink,34,True
phetsims,area-model-common,80,True
martinvol,tallerII,31,True
Teaching-projects,SZE-MOSZE-2020-Runtime_Terror,133,True
Hikanyan,AcquireSummerGameJamEarthTeam,96,True
groupby,storefront,56,True
typelevel,typelevel.github.com,194,True
stmcdonald-vt,convo-crafters,146,True
dream-wish-team,wish-board,2,True
mesosphere,dcos-docs-site,201,True
src-anolis-os,nss_wrapper,2,True
mollie,WooCommerce,118,True
FacultadInformatica-LinkedData,Curso2021-2022,324,True
pagopa,dx-typescript,19,True
bergmannfederico,caldar-G8,16,True
incubateind,gdtc-Day1,2,True
src-anolis-os,bolt,2,True
opencloudos-stream,perl-XML-LibXML,8,True
src-openeuler,pgpool2,17,True
Tauders,dratuIT,8,True
ovcharuks,SuperDevs-YachtJet,32,True
Logan-Ph,Building-IT-System,18,True
mulesoft,docs-api-experience-hub,14,True
StanislavFishkov,java-explore-with-me-plus,19,True
Benaud12,checkpoint_game,31,True
src-openeuler,perl-Class-Throwable,8,True
ds-ga-1007,assignment9,1791,True
src-anolis-os,qhull,2,True
Agile-Chess,chess,52,True
Praktikum-IF-R,Latihan-8,2,True
ScottishCovidResponse,Covid19_EERAModel,123,True
KenzieAcademy,backend-epithet-generator,8,True
src-openeuler,python-sphinxcontrib-github-alt,8,True
Instituto-Maua-de-Tecnologia,coil_frontend,36,True
jjangjjh2222,thu-space-invaders,85,True
QuinceIT,PQuince,49,True
moraroy,NonSteamLaunchersDecky,38,True
ConduceInc,conduce-python-api,65,True
w00ye0l,SMilE,24,True
src-anolis-os,sblim-sfcc,2,True
devontehillman,are-we-there-yet,38,True
ISAKids4Ever,RecruitmentApp,48,True
openjfx,jfx,91,True
190701-revature,name-list,0,False
tue-ees-5xwg0,power-system-simulation-myriad,30,True
ThrilledBerryTeam,infra,236,True
Volgarenok,spbspu-labs-2024-tp-a,2,True
MGBankNode,MGBankApp,28,True
src-openeuler,python-webassets,8,True
Fuck-We-Ballerz,DM885,19,True
SI-RPL-2022,SI4301_SIKESMAS,69,True
Hwylinc,sogiri-auto-calculation,23,True
minetest-mods,technic,92,True
uber,tchannel-java,22,True
cberganz,ft_transcendence,33,True
a-fiorito,NoteShare,78,True
opencloudos-stream,booth,2,True
e1b19058,kaiji,10,True
REmemory-team,REmemory-Nodejs,39,True
che2ese,BeLover,84,True
DataDog,go-gitlab,68,True
aperiosoftware,astropy,140,True
GTestay,arq-2020-q1,20,True
CSCI-GA-2820-SP24-001,customers,66,True
cse110-sp24-group18,cse110-sp24-group18,50,True
src-openeuler,filters,8,True
ChangePlusPlusVandy,ndc-frontend,32,True
DevThive,book_final,80,True
src-openeuler,python-async-timeout,8,True
aion-dk,election-verification-site,34,True
KAIST-IS521,Agreement,4,True
src-openeuler,python-timeunit,4,True
opencloudos-stream,libwpe,2,True
src-openeuler,ghc-hslua-aeson,8,True
mindbox-cloud,github-actions,47,True
ftornberg,Social-Network,54,True
joinpursuit,FSW-Redux-Two-Lab,4,True
hjalmers,angular-generic-table,62,True
tmonfre,git-lecture-collab,66,True
src-anolis-os,crash-trace-command,2,True
Con-Rez,autoDetailProject,30,True
src-anolis-os,perl-CPAN-Meta-Check,2,True
bmuellerhstat,06-kickstarter-lab,16,True
src-openeuler,mpi4py,8,True
th-koeln,mi-bachelor-screendesign,428,True
AdRiAnPg7,Mobile-Project,32,True
mattrobertsky,disguised-remuneration-frontend,24,True
coolcatsz,EquipRent,36,True
ray-project,rllib,0,False
segmentio,a1-notation,64,True
isomerpages,imda-pixel,244,True
xi-effect,xi.monorepo,16,True
src-openeuler,libmypaint,9,True
openkylin,libxmlb,11,True
Josh-University,git_training_swiggy1,56,True
cncf,telecom-user-group,12,True
vasilisalmpanis,ft_transcendence,22,True
Yujin051,lms-system-team-project,13,True
IBM,hybrid-analytics-mfp,59,True
llBackend7,MOIZA,14,True
StateFarmInsCodingCompetition,2018-StateFarm-CodingCompetitionProblem,15,True
ConsenSys,redash,213,True
fmidev,aviation-message-archiver,5,True
instructure,mc-go-mysql,221,True
PiotrRynio,CodersCamp-LiveChatHackathon2022,16,True
nodesign,weio,253,True
ironhack-labs,lab-react-cohort-tools,28,True
DigitalHouseBrasil,Mobile04,44,True
anderscc,CSC750_Project,34,True
kostant,chefio,18,True
src-anolis-os,perl-DBD-MySQL,2,True
luicfrr,react-native-vision-camera-face-detector,50,True
openharmony-sig,stb-image,243,True
src-openeuler,nodejs-dreamopt,9,True
UB-ES-2023-B3,sharing_pictures_webapp,34,True
aws-robotics,rmw_opensplice,9,True
sjponce,brava-sales,42,True
rmamidal,ADGMO,130,True
MobilePorting,FNF-PsychEngine-Mobile,67,True
fe-aug22-ta-y-take,phone_catalog_front-end,38,True
RAPID-Platform-Projects,Rapid-Docs,22,True
unsri-hackers,ecommerce,3,True
dimstefanakis,myshelf,66,True
src-openeuler,perl-Module-CPANfile,8,True
apache,sling-tooling-jenkins,21,True
IctEduTeam2,STANDSAFE,20,True
aquelemiguel,parrot,24,True
piamayuga,desktop-tutorial,0,False
TuanAnh1210,Braintech-App,26,True
src-anolis-module,maven,2,True
jaykrell,mono,905,True
LowerRockLabs,laravel-livewire-tables,58,True
DataDog,chef-python,46,True
stanreee,sign-language-learning,22,True
acn916,Senior-Project,6,True
pharo-vcs,iceberg,1606,True
sighBRG,Dynamic-webapplication-newton,28,True
ICS3UI-01-2016,3U-Quiz3,10,True
alaoweb,2020.alaoweb.org,288,True
openharmony-tpc,chromium_third_party_quic_trace,37,True
opencloudos-stream,corosync-qdevice,2,True
HayatEmraan,dwelling,50,True
asgeirrr,prezencka,36,True
sjgresha,The-Dinner-Club,18,True
xendit,xendit-opencart-module,9,True
COMU-BLM4022,Exercises,2,True
IsmaelRuizJurado,Acme-L3-D04,34,True
src-openeuler,rubygem-net-scp,13,True
painprog,LetsGo,2,True
ScottishCovidResponse,data_pipeline_api,68,True
Test-Pro-Bootcamp,A55-QA-Automation-Framework,4,True
vchernin,easyeffects,835,True
umassd-dataviz,CIS-470-TermTest,26,True
src-openeuler,lohit-bengali-fonts,6,True
src-anolis-os,python-websocket-client,2,True
GeekUniversity,Frontend-05-Template,42,True
Shi-553,ReLeaF,102,True
src-openeuler,perl-Dist-CheckConflicts,8,True
nmrodio,NFL_Fantasy_Football,46,True
polispay,polis,2,True
Zesty-Surprise,feedback-frontend,31,True
mipengine,mip2-extensions,20,True
alice-skills,bufet,50,True
cesurvmnc,examen2024,114,True
equinor,resdata,56,True
UBC-MDS,dsci_525_group18,21,True
bekindtomammals0,ASI_HR-Hiring-System_Group4,74,True
perfume-pick,purple-front,19,True
jakescheele,whats-in-store,42,True
Ada-C7,trek,4,True
kozubskyi,goit-react-node-project,24,True
kurenn,market_place_api,34,True
The-Dirty-Dino-Mites,holeDat,36,True
src-openeuler,wqy-microhei-fonts,7,True
tanyagupta0201,LeetCode-Problems-Solutions,570,True
joinpursuit,Pursuit-Core-iOS-5-3-Fellows-List,2,True
front-camp-2018,tags-input,16,True
lynntfuzz,ToDoOrNotToDo,38,True
scribeWiz-team,ScribeWiz,21,True
src-anolis-os,yaml-cpp,2,True
funmusicplace,mirlo,78,True
AlexGeekBrains,online-classifieds,5,True
ironhack-labs,lab-react-state-training,24,True
javaee,jsonp,17,True
LambdaSchool,Sprint-Challenge--Security-Theory,6,True
src-anolis-os,perl-Unicode-CheckUTF8,4,True
timofeysie,serene-brushlands,70,True
opencloudos-stream,qt5-qtlocation,8,True
hemenkapadia,getbhavcopy,15,True
ga-wdi-exercises,checkpoint-express-mongoose-short,22,True
src-openeuler,geronimo-validation,8,True
src-anolis-ai,clinfo,4,True
raml-org,raml-js-parser-2,90,True
minyoung529,Lighp,96,True
JPsiInVR,organisation,22,True
companieshouse,limited-partnerships-web,23,True
smokhadar,catch-up2,18,True
capsule-corp-ternoa,nft-marketplace,111,True
src-anolis-os,mecab,2,True
Rooks-on-Rails,rooks_on_rails,59,True
IBM,spm-citizen-engagement,6,True
Ramlan404,babybot,66,True
ArduPilot,ardupilot_gazebo,55,True
s-e-r-O,practica-certi,0,False
HackYourFuture-CPH,class-25-ironside,30,True
DevelopersZone06,revive-client,36,True
ArmDeveloperEcosystem,arm-learning-paths,86,True
aritraroy24,HACKTOBERFEST2021_PATTERN,918,True
fga-kominfo,assignment-3,2,True
src-openeuler,python-xattr,9,True
werf,3p-argocd-image-updater,50,True
sonic-net,sonic-tsc,71,True
BernardoEstrada,Qarinio-animal,196,True
segmentio,react-storybook,36,True
prisma,prisma-engines-builds,2,True
cucynthi77,socialapp-starter,22,True
Tejashri-Taral,TrendTrove-Ecommerce,442,True
Twilight-Studioo,production,11,True
src-openeuler,perl-Test-Dist-VersionSync,8,True
eurodatacube,eodash-catalog,327,True
mechef,mechef,32,True
CIMAC-CIDC,cidc-api-gae,64,True
InnovaGameCreate,AtamakkoCard,76,True
chingu-voyages,v43-tier2-team-11,76,True
susanna3003,Capstone2024,24,True
nnikolovskiii,FinkiRasporedi,49,True
sapcc,manila,113,True
espressif,esp-lwip,28,True
DSCI-310-2024,DSCI310_Group-12_Credit-Risk-Classification,82,True
zhangguanzhang,Actions-OpenWrt,6,True
openai,gym3,105,True
We-Are-INFPs,Algorithm,351,True
src-anolis-os,perl-IO-stringy,2,True
TechTitansFTC,IntoTheDeep,27,True
src-openeuler,python-justbytes,4,True
src-anolis-os,python-deprecation,4,True
msasif2000,LumiJob-Client,48,True
pagopa,pn-national-registries,7,True
opencloudos-stream,python-pytest-rerunfailures,2,True
spectatorpublishing,womens-history-month,28,True
WildCodeSchool,2309-wns-jaune-snow-wild,58,True
Tencent,iHearing,42,True
ORNL-AMO,ORNL-Weather,32,True
alan-turing-institute,arc-model-similarities-phase-2,85,True
RubiMonti,arquitectura_software,26,True
shadowproject,shadow,306,True
SNULION-12th,react-advance-seminar,42,True
arshadkazmi42,first-issues,50,True
erda-project,ory-kratos,374,True
Lambda-School-Labs,CS10-flight-log,23,True
ClickHouse,libpqxx,254,True
src-openeuler,librsync,9,True
AliyunContainerService,terraform-provider-alicloud,1484,True
Gooey-Dee-Bee,Ripple,24,True
LABS-EU3,shopping_cart_frontend,34,True
Fareedh-12,tech-roots-project,48,True
msp-strath,TypOS,249,True
NadyaKonzevaya,Icecream-group9,15,True
src-openeuler,perl-Test-Pod-No404s,8,True
FromDoppler,doppler-html-editor-api,48,True
duongphhe151097,SWP391_TradeSystem,43,True
TechTeam-org,public-tasks,28,True
canonical,bundle-kubeflow,120,True
jenkinsci,groovy-pipeline-model,5,True
TeamDash2021,Keep-In-Check,18,True
michaljabi,js-na-frontach-zadania,2,True
kedro-org,kedro-devrel,12,True
Huastechnology,Vue-Course-Manager,18,True
src-openeuler,python-XStatic-Dagre-D3,4,True
serlo,serlo-editor-as-lti-tool,54,True
mannimaster,compsci-proj-md,77,True
UMC-5th-TOgether,Together_BE,6,True
paulcacheux,aoc,42,True
rizafahmi,awesome-speakers-id,4,True
burovskiile7,Group16_Git_GitHUb,5,True
R-o-y,variora,37,True
symopsio,terraform-provider-sym,32,True
openharmony,drivers_interface,87,True
Lambda-School-Labs,labspt2-ksl-alerts,24,True
ilham77,pplA6,19,True
RUGSoftEng,2018-Tuberculosis-Android,13,True
JiyaGupta-cs,ShopNex,50,True
lucabriguglia,OpenCQRS,54,True
MicroPyramid,micro-finance,147,True
happy-se-life,kanban,10,True
shobhi1310,backend-team,206,True
douglmendes,mercado-fresco-round-go,14,True
alinmear,docker-conanexiles,12,True
src-openeuler,nodejs-grunt,15,True
venkyEidiko,aus-corsafe-poc,11,True
saeraa,next-tomten,18,True
CMPUT301F23T16,HoneyBadgersProject,70,True
TeamC2-Softwareprojekt,ParkBlazer,33,True
dang-van-thinh,ecommerce-gundam-win,75,True
khalilcherni,Hope-TN,10,True
datastax,pulsar-io-cloud-storage,25,True
RepreZen,KaiZen-OpenApi-Parser,12,True
MrPunyapal,basic-crud,93,True
BCSDLab,KOIN_iOS,22,True
UpstreamData,pyasic,26,True
intel,ipu7-camera-hal,89,True
LeandroT22,Proyecto_Final_JaP,238,True
kyverno,pod-security-admission,181,True
SlateIn,slatein-app,49,True
MeowDevelopers,today-house-clone,11,True
tirtzerzbrez,Mobile-Programming,12,True
HydroFish-Waterloo,HydroFish,15,True
AY2021S1-CS2103T-T13-2,tp,45,True
sei-protocol,sei-cosmos,467,True
Orchid-DOTNET,BscCSIT-2023-MVC,16,True
FREAC,LABINS,20,True
pesumca23,github_demo,6,True
1CRM,oceanfront,21,True
XML-BSEP,Security,27,True
src-openeuler,nodejs-docopt,9,True
FundamentosProgramacion,Tarea_01,4,True
whirli,whirli-client,46,True
anosach-luxoft,sdl_core,20,True
glygener,glygen-frontend,99,True
HernanGonza,proyecto-final-web-app-servicios,9,True
SUNKARAAYODHYARAMIREDDY,DeepLearning_1stAssignment,134,True
SmartFitStudio,FitnessWebAppWithRAG,39,True
SW814F20,Report,30,True
demisto,ts-essentials,34,True
Ren149,INTROSE-Source-Repository,6,True
opencloudos-stream,python-autopage,5,True
urfu-2016,markup-task-9,12,True
AxelB01,proyecto-grado,14,True
rancher,rancher.github.io,130,True
src-openeuler,intel-ipp-crypto-mb,8,True
pegas-alias,pegas-alias,23,True
sktometometo,jsk_robot,73,True
theonion,bulbs-public-ads-manager,40,True
cee-chen,kibana,2379,True
AY2324S2-CS2103T-W11-2,tp,47,True
Dilbert66,esphome-vistaECP,74,True
HomeFoodFighter,Server,18,True
fproldan,erpnext,51,True
BrayMurph,BITS-Review,16,True
Technigo,project-p1-first-webpage,8,True
m-asadd1997,TucShopApp,40,True
heena3443,Lab5-Section1-Summer2020,2,True
josh16,ConsoleGameDev_2,124,True
opencloudos-stream,openvswitch,18,True
MobilityData,elrond.gtfs.org,25,True
TimeZynk,timezynk-api-spec,14,True
src-openeuler,kpmcore,8,True
BCDevOps,OpenShift4-RollOut,6,True
healthsites,hcid-watchkeeper,51,True
src-openeuler,rosidl,9,True
kdt-live,git-0608,14,True
janus-idp,backstage-showcase,103,True
CodeYourFuture,scot-volunteer-ad,32,True
src-openeuler,example_interfaces,4,True
src-openeuler,ghc-servant-server,10,True
src-openeuler,python-pyspelling,8,True
Abid357,git-workshop-357,12,True
openkylin,kactivitymanagerd,12,True
badass-pirates,pirates,110,True
WordPress,wporg-photo-directory,18,True
horsejs_admin,ScreenCapture,6,True
src-openeuler,SDL_sound,9,True
TheRealSpectrum,four-horsemen-restaurant,79,True
t-will-gillis,website,282,True
mate-academy,react_add-todo-form,30,True
2019-Flexcode-Cohort,smart-shopping-list,10,True
YuKARLO15,Thesis-Borrowing-System,10,True
joinpursuit,Pursuit-Core-Web-Twitter-CSS-Assignment,14,True
wolk8506,team-icecream,29,True
src-openeuler,perl-JSON-Pointer,8,True
hortonworks-spark,spark-llap,22,True
src-openeuler,python-markdown,5,True
digitalinnovationone,matches-simulator-app,19,True
mapbox,assembly,134,True
Zrips,CMI,44,True
grafana,yugabyte-datasource,73,True
noorbhatia10,grappus_skribbl,36,True
haor186,hrcms_V1.2,11,True
codetrybe,DailyTracker-backend,12,True
presly808,acp18,80,True
oasis-dev,it-transformation,6,True
Domraider,rxnet,12,True
hstreamdb,hstreamio-cdn,12,True
oneblink,forms-cdn,74,True
sg05060,SDS_A_LAB,96,True
openkylin,ide-vscode-java-pack,71,True
FPLHN-FACTORY,udpm-tutor-management,35,True
rahataid,rahat-platform-nx,84,True
openharmony-sig,libogg,85,True
agrc,udot-parcel-ml,129,True
src-openeuler,python-ibmcclient,8,True
Food-Rescue-Social-Media-Platform,Food-Rescue-social-media-application,39,True
hsnam95,class2022Spring,64,True
AufaNajid,RusConsign,37,True
AY2021S1-CS2103T-T17-4,tp,41,True
amzn,amazon-payments-magento-2-plugin,221,True
kcc112,BibliotekaIO,16,True
youssefalb,HealthHub,50,True
src-openeuler,kf5-libkcddb,9,True
mate-academy,jv-jdbc-intro,5,True
contentql,pin-horizon-health,47,True
jina-ai,executor-video-torch-encoder,25,True
src-openeuler,ignition_cmake2_vendor,4,True
071921-LTI,TRiPLNR-front,19,True
papanton,BowGame,130,True
violettagoldman,webserv,86,True
bcgov,vc-authn-oidc,39,True
src-openeuler,python-enmerkar,8,True
opencloudos-stream,ipset,6,True
Odin-SMR,odin-api,40,True
gdg-berlin-android,ZeBadge,63,True
Azure,communication-monitoring,46,True
grafana,k6deps,71,True
TheSoftwareFactory,DlearnHelsinki,37,True
SarayGal,Unac-Virtual-Tracking,22,True
yunify,packer-builder-qingcloud,6,True
rameshabeysekara,planner-app-react-native,46,True
saby,builder,195,True
Ferlab-Ste-Justine,cqdg-portal-ui,54,True
SkrapLitter,capstone,32,True
fuku-git,Weeeb,81,True
src-openeuler,ublox,4,True
subhadipbhowmik,30-Days-Of-CPP,30,True
awesome-academy,real_estate,83,True
Programacion-III-UAP,github-starter-course,2,True
gaborlovasdotcom,liferay-portal,788,True
UCL-COMP0233-24-25,earthquakes,5,True
MobileApps-Cascadia,fncf-photopoints-ios,2,True
leomont,cursoDesarrolloSoftware20242,2,True
ImisDevelopers,SORMAS-Project,119,True
alkemyTech,OT102-Server,210,True
PauloJaime,ser515asu,8,True
ZbayApp,nectar,20,True
TVTKMO22-WP-GROUP-1,Climate_Change-Visualizer,35,True
src-openeuler,hunspell-ms,9,True
src-openeuler,openblas,12,True
opencloudos-stream,liblzf,4,True
inf112-v19,Handbrekket,61,True
UBC-MDS,DSCI-532_2024_22_flightfinder,41,True
cse442-fall-2019-offering,442projects-loopholes,26,True
nordakademie-einfuehrung-java,studenten,8,True
kadetXx,HNG-Script,1233,True
espressif,test-project-bot,2,True
bita2019,lnd8-BShade-finalproject,30,True
TiimMate,TeamMateClient,22,True
dwilliams5807,Project-3,26,True
OrderHere2023,OrderHere-backend,11,True
JuN-front,Junsei-frontend-basic-2022-todoapp,16,True
ionic-team,ionic-v3,40,True
openenclave,test-infra,29,True
123charu,Scripting-Languages-Mid-term-Practical,70,True
dotnet-foundation,projects,38,True
src-openeuler,python-django-rules,8,True
dvkruchinin,cvat,173,True
ViktoriyaRyazhska,Lv-256.ATQC,18,True
notBASIL,Final-Project,36,True
Iura-Radulov,teamproject-filmoteka,24,True
StarRocks,docusaurus-build,12,True
Banndzior,git-pb,12,True
QAAFI,REMS2020,15,True
src-openeuler,perl-Language-Functional,8,True
Sameer1223,ferrous,2,True
Sitecheckcheck,SkyFitnessPro,18,True
CSIS-iLab,reconasia_wp,12,True
chengsteven,city-dog-share-calendar,86,True
TRI-AMDD,beep,60,True
CMPUT404-F21T0,CMPUT404-Project-BetterSocial,9,True
JonnyFernandez,assistt,22,True
BattlesnakeOfficial,rules,137,True
src-anolis-os,fabtests,4,True
EbrahimHanafy,Jumia,10,True
Stellar-Soft,QuartonQuest,0,False
RevanthR,AI_Assignments,176,True
apache,fineract-cn-portfolio,24,True
Expensify,react-native-x-geolocation,18,True
oclif,plugin-svo,16,True
src-openeuler,rubygem-cucumber-wire,11,True
project5jo,maroon5,14,True
42Flowers,transcendence,50,True
adobe,plugin-hooks,30,True
opencloudos-stream,python-fqdn,5,True
frncscdf,Tecnologie-Web,118,True
openkylin,7zip,0,False
Kobaysh,EscapeFromNote,2,True
staubjoao,busca_emprego,54,True
jenkinsci,livingdoc-reports-plugin,16,True
DelazJ,QGIS-Documentation,62,True
Nazar710,CIBG-WNT-Parser,14,True
we-are-what-we-do,we-are-what-we-do,42,True
MiNISpaceMobile,minispace,38,True
outsideOfficialy,Prod,32,True
src-openeuler,perl-Daemon-Control,8,True
kosukeimai,wru,135,True
grafana,grafana-k6-app-plugin-feedback,6,True
FeenixServerProject,Archangel_2.4.3_Bugtracker,2,True
openkylin,sphinx-rtd-theme,25,True
src-openeuler,libytnef,11,True
src-openeuler,perl-Data-Stream-Bulk,4,True
alisw,alidist,536,True
neo4j,docs-kafka-connector,18,True
HDFGroup,hdf-compass,88,True
TYPO3-Documentation,typo3-writing-guide,43,True
src-openeuler,mate-backgrounds,9,True
joinpursuit,Pursuit-Core-Web-HTML-Introduction-Lab,26,True
DavidDr90,Lets-Talk,61,True
mulesoft,docs-api-governance-documentation,14,True
supabase-community,flutter-auth-ui,16,True
infobloxopen,infoblox-client,97,True
src-openeuler,ovirt-ansible-manageiq,9,True
oasisprotocol,wallet,190,True
scoop-tech-corp,rpc-be,93,True
JingJingQ,-1-,2,True
IrinaGlodeanu,TramsA6,52,True
ConductionNL,Proto-application-NLDesign,55,True
sotobabi,betty,15,True
hei-school,hei-admin-api,39,True
swarfarm,swarfarm,165,True
UBC-MDS,525_group_3,4,True
Hounsvad,OOP-Sem.1-2018,15,True
Zarathustra4,ML-Essence,22,True
super30admin,Strings-1,2,True
AgileWarsaw,netlify,22,True
src-openeuler,rubygem-actionmailbox,13,True
src-anolis-ai,super-lu,4,True
vercel,title-site,10,True
ZZOMING-K,2024_Algorithm_Study,4,True
jaeh2020,Teamproject,5,True
bdluc,Internship_QNU,31,True
aliemteam,ALiEMU,74,True
communitynostalgiaproject,Nostalgia-Project-Client,42,True
huymq,opencps-v2,14,True
and-rewsmith,iotedge,150,True
mozilla,mozilla-campus-clubs,58,True
ollybh,18xx,147,True
src-openeuler,ghc-unix-time,8,True
openharmony,testfwk_arkxtest,45,True
MaggieYang57,CSC308-TeamB,26,True
Darkhax-Minecraft,Bookshelf,19,True
kabdomora,P3G5,16,True
kzhereb,kpi-acts-ta2020,4,True
marisabivi,galapagos-conservancy,282,True
src-openeuler,perl-Carton,9,True
Seeyou2000,SE_UNO_Project,95,True
LMS-Learnvista,LB_DSC_SEPT_WKDY_2020,225,True
PetroHrynyk,parcel-test,13,True
MLSAKIET0821,MLSAKIET_FWdevops_INTERNSHIP,2,True
illiden228,GB_3,4,True
firasm,542_code_review_template,13,True
midudev,landing-infojobs,42,True
cldblz,cocktails,10,True
openharmony-tpc,chromium_third_party_libsync,20,True
laravel,lumen-docs,50,True
src-openeuler,python-xtermcolor,8,True
open-telemetry,opentelemetry-ruby-contrib,44,True
nitiowo,Biocomputing-Final-Project,228,True
src-openeuler,python-pyhcl,8,True
martijn9612,fishy,63,True
muthuArivoli,school-bus-planner,42,True
openeuler-risc-v,kylin-music,13,True
LNReader,lnreader-plugins,56,True
alkemyTech,OT126-SERVER,184,True
ministryofjustice,opg-sirius-supervision-finance-hub,148,True
sandboxnu,mgh-video-journal,92,True
openeuler-competition,summer2021-11,11,True
Aitrich-Academy-ASP-Net-Core,.NetCore-Angulae-OnlineBatch-04,24,True
ShaBaiTianCN,Skyopolis-5,15,True
rails,website,2094,True
Julie-Fabre,bombcell,70,True
DankMemer,imgen,404,True
pinglepingle,Lets-be-Amazing,14,True
takkun1993,Flea-market-app,106,True
src-openeuler,base64coder,4,True
railbotan,xmljson,2,True
opencloudos-stream,python-sphinxcontrib-actdiag,2,True
kkms30,SmartShop,58,True
opencloudos-stream,aide,10,True
sugarcrm,SugarCE-Add-ons,2,True
Think-Tank-6,Voice-Of-the-Star,48,True
Mercantec-GHC,h2-projekt-trinity-hotel,38,True
D3strukt0r,fhnw-jass,32,True
carrot-u,carrot-u-admin-app,56,True
john9101,LTW_N15,27,True
kaltura,html-bind,21,True
expo,expo-analytics-segment,48,True
KEA-DoKebi,dalkom-front,40,True
codice,alliance,24,True
DishantaK,gitTickets,38,True
Culinart,Culinart,21,True
maieul,biblatex-bookinarticle,45,True
leon123858,ntuaf,6,True
teamlead11,GitNew7,6,True
Shift3,DevOps-Apprenticeship-Notes,4,True
DungBeetle0618,talktok,8,True
learn-co-students,react-async-fetch-lab-v-000,18,True
pphongsavath03,create-a-car,58,True
Lojain45Mostafa,InstagraClone,47,True
cul,ldpd-findingaids-asi,72,True
ConsenSys,Sap_ForkTest,8,True
bit-bots,ddlitlab2024,23,True
infoshareacademy,jfddr9-projekt-html-css,12,True
Dental-Revenue,Codebase-2-Dev,212,True
BartoliniAndBorderCollies,Restaurant_Management_System_REST_API,3,True
radareorg,r2con2019,2,True
DAN-MU-ZI,healthyreal,27,True
infoshareacademy,jjdd7-gitLoopersi,36,True
google,minions,14,True
framgia,sph-ut-uni-charts,94,True
tylersuchan,symphoni,8,True
CS2103AUG2016-W14-C2,main,36,True
Lucky-Ducky-ATGJ,Lucky-Ducky,5,True
TeamAwsom,awsm-backend,50,True
ironhack-labs,lab-es6-algorithms,4,True
acesdit,first-contributions,14,True
phoenix-ceri,Foodi3-C3ntral,20,True
Weit-2nd,roady-foody-server,8,True
Equilibrium23,Fancy-Recipes,16,True
openshift,simple-openshift-sinatra-sti,4,True
src-openeuler,python-packaging,9,True
pouorix,vSharee_front,40,True
src-anolis-os,perl-Parse-DebControl,4,True
UppuluriKalyani,ML-Nexus,116,True
HubSpot,cli-lib,194,True
Austinx75,Team-9-TCSS-450,14,True
tomered,smart-campus-frontend,40,True
XavierAubert,core-v-verif,73,True
opencloudos-stream,perl-DateTime-Locale,2,True
openkylin,libtool,18,True
jenkinsci,frugal-testing-plugin,10,True
src-openeuler,jdependency,8,True
Shannoon,TortoiseGit,2,True
lilatan,CSE442Project,22,True
quiches-group,quichtify,52,True
aws-quickstart,quickstart-atlassian-jira,16,True
src-openeuler,xfce4-vala,11,True
yousefahmed98,git_assignment_Team6,45,True
the-virtual-brain,tvb-root,123,True
LarryByrd89,gusteaus-restaurant,18,True
connectrpc,examples-es,239,True
garasijogi,mamoto-website,103,True
CAMPUS-3-BUT-INFORMATIQUE,Horizons,31,True
VinAIResearch,ISBNet,62,True
ohtuprojekti-kokoushuone,kokoushuoneiden-varaaminen,26,True
primihub,confidential-computing-zoo,17,True
TechnologyMasters,jobs,2,True
apache,struts-site,119,True
fe-may23-teamscript,ecommerce_frontend,12,True
sweng2,sweng2,46,True
src-openeuler,e2fsprogs,41,True
opencloudos-stream,postgres-decoderbufs,2,True
essayNEXT,REPETITOR,39,True
alumnicelliitr,Raionzo-website,11,True
sensu,sensu-docs-legacy,10,True
AndreyMukhametzyanov,CoursesApp,72,True
shabeebkaip,flytern,100,True
selltea,OOSEproj,180,True
platanus,2021-1-Grupo4-Web,96,True
ashiqur-r-biplop,Dhaka-Bus-Ticket,26,True
johansbg,Quilla-Tour,38,True
jnsmelinda,Vent,34,True
MaximKucheriaviy,filmoteka-by-team-2,28,True
OneSignal,OneSignal-Xamarin-SDK,90,True
austenhughes,The-Baffoonery,32,True
j-cool-hirai,fukui-study,40,True
zyngjaku,agh-xp,52,True
ForgeVTT,ddb-meta-data,42,True
0xPolygon,cdk-data-availability,130,True
SchoodEIP,Schood-API,23,True
hydrogram,hydrogram,72,True
JoshKardos,TuTour,22,True
COSC481W-2020Fall,cosc481w-581-2020-fall-stattracker,56,True
IsmaelMartinez,logger-to-kibana,58,True
src-openeuler,geronimo-jta,8,True
jenkinsci,wix-plugin,10,True
computingfuturetech,officeERP,40,True
Jolg42,upptime,58,True
Shmythor,Sharebin,28,True
Yuki-Inagawa,freemarket_sample_55b,66,True
frontend-park-mail-ru,2022_1_devo4ki_na_d1skoteke,18,True
ISPP-P2,HeartForChange,14,True
woowacourse-precourse,kotlin-baseball-6,9,True
watson70percent,SAMURAI-SOCCER,121,True
FACG6,social-streets,22,True
fe-aug23-team5,product_catalog,18,True
wh-portal-development,WarhammerPortalDevelopment,10,True
ros-industrial,abb_experimental,68,True
bhartiharinkhede44,hospital-admin-pro,28,True
Pewter-City-BlueOcean,rave-app,24,True
Consensys,solc-typed-ast,26,True
AndrewSavinchuk,Group19_TryCloudCucumba,2,True
eProsima,Micro-XRCE-DDS-Client,40,True
hunglq249,vyan,74,True
learn-co-students,building-forms-lab-v-000,34,True
arulpc1995,testng,42,True
WargaLab-Information-Systems,pemrograman-visual-3D-2024,14,True
src-openeuler,perl-CPAN-Meta-Check,9,True
microsoft,appcenter-sampleapp-ios-swift,28,True
CS2103AUG2016-T15-C1,main,29,True
IUS-CS,project-facebook-api-integration-software,31,True
Falmouth-Games-Academy,comp110-worksheet-1,9,True
woowacourse,java-chicken-2019,8,True
src-openeuler,perl-MooseX-OneArgNew,4,True
src-openeuler,sunpinyin,20,True
Kenneth-Ngcobo,ASE_2024_GROUP_D,76,True
timdeschryver,hacktoberfest-2019-angular,44,True
Cosmic-Cryptid-Games,GrowingDepths,8,True
bugKillers-AlphaCode-Teams,react-product-catalog,34,True
SpilledCofee,DataBase,68,True
techmefr,WildChat,44,True
LArSoft,webevd,10,True
TaskWeaver,frontend_app,64,True
StephGidde,choost,14,True
electron,sheriff,34,True
mike-barber,daves-garage-primes,22,True
NicolasEsqui01,fizzmodTeam,45,True
frdtorres,Teaching2024,8,True
Ada-C7,ride-share-two,12,True
3um-Group,Atomic-SDK,32,True
cdk8s-team,cdk8s-plus,145,True
mapbox,node-geolite2,16,True
cse442-fall-2019-offering,442projects-sjdf,53,True
arc-repos,arc-example-webpack,16,True
src-openeuler,python-mne-bids,9,True
ChesterSVK,PA165-RedTeamProject,21,True
Leibnitz80,java-filmorate,13,True
dmab0919-aTeam,3-semester-project,28,True
nextcloud,documentserver_community,33,True
Team-OnePiece,OnePiece_BackEnd,8,True
openkylin,rust-unicode-ident,8,True
proyectobufete,ProyectoBufete,46,True
sagun03,node-shopping-server,22,True
IBM,event-notifications-huawei-android-sdk,30,True
NasserBen,MediSearch,18,True
google,digitalassetlinks,12,True
ingadhoc,account-financial-tools,67,True
jerwest,project-repcon,8,True
isDamont,QHTMLPen,38,True
src-anolis-os,dwarves,2,True
polinaucc,crm-food-establishment,16,True
jojayama,CutecoreHealth,10,True
SE2-GROUP-P12,SPG,31,True
Tencent-RTC,TUIRoomKit,97,True
aylinev2,CodeU-Summer-2018,3,True
JeffersonCallupe,BigTech_Consulting,4,True
cfpb,complaint-intake,52,True
ConnerOzenne,Rapid-Rx,24,True
behzadparvaz,ODoc-Front,136,True
src-anolis-ai,python-resize-right,4,True
pdp-adademy-g27,1fit-green-team,7,True
n8n-io,codemirror-lang-n8n-sql,28,True
dlwnsgus07,algorithm_study,55,True
ese-detkin-lab,ese5190-2022-lab1-firefly,2,True
ableco,automationtraining,6,True
Fong-,CS169-PenPal-Gladiators,94,True
daicuo,feifeicms,30,True
julietrinh1,soen341,34,True
tanmaysharma2001,arjun-backend,58,True
PhucLocNguyen,N2_NET1806_SWP,50,True
davidOrtiz09,GreenMarket-G2,147,True
joincivil,civil-sdk,66,True
strumet,labmod17,106,True
Technigo,project-final,18,True
minstrel1977,rust-reference,286,True
ClickHouse,aws-crt-cpp,181,True
Bahmni,openmrs-module-bahmniapps,34,True
chargetrip,examples,22,True
ashasan1,trader-jocks,12,True
frontend-application-development-uw22,week2-assignment,10,True
src-openeuler,time-api,13,True
hstreamdb,distributed-tests,10,True
makscap,protest-frontend,38,True
dwainscheeren,dwains-dashboard-addons,6,True
src-openeuler,perl-Class-Can,8,True
urfu-2016,team3,100,True
arafat-solutions,ext-mid-pkmu-web,38,True
openshift,project-request-limit,6,True
src-openeuler,perl-Net-SNMP,9,True
src-anolis-dde,phonon,4,True
PTU-Graduate,Ryu_Front,41,True
src-openeuler,python-shamir-mnemonic,8,True
google,apitools,28,True
Klasa-4TP,Klasa-4TP,2,True
cs2103jan2016-f13-4j,main,20,True
knudsam,knowledge-buddy,22,True
pianodaemon,SJO,23,True
oliveiraagu1,Projeto3fase,15,True
Allen-ISD-Computer-Science,REPO_AutomaticDifferentiation_2024,73,True
microsoft,AImagery,84,True
Nordgaren,Elden-Ring-Debug-Tool,13,True
realestateSoftuni,RealEstate,71,True
nsonb,helsinki-outdoor-innovation,60,True
didwjddyd,LogIN-Adventure,148,True
Pjiwm,serious-game,2,True
Semantics-of-Sustainability,tempo-embeddings,104,True
takoda1,student-success,146,True
single-spa,create-single-spa,24,True
danon321,mate-academy-project-group-1,42,True
Bulvinkoln,4232_Company,4,True
src-openeuler,libcddb,13,True
ulearn-me-course-java,3-java-control-flow-and-arrays,40,True
aws-samples,cookiecutter-aws-sam-pipeline,26,True
cartographer-project,async_grpc,97,True
MODU-TAXI,server-api,14,True
mate-academy,py-movie-api,6,True
zio,zio-telemetry,49,True
birgorg,birg,39,True
tsl0922,mpv-menu-plugin,34,True
Swackles,hk-multimedia,64,True
G12-ISPP,Knowledge-base,88,True
e-leal,project-2,62,True
kaltura,netkit-android,44,True
amit8001,Project3_FlightLogger,36,True
aws-samples,aws-secret-sidecar-injector,44,True
beckn,beckn-exp-ui,38,True
ricardocampos1,Pyxia,2,True
src-openeuler,ros2_system_modes,9,True
DataDog,codecov-ruby,18,True
Ada-C14,personal-portfolio-site,4,True
calvin-cs262-itteam,itteam,47,True
opencloudos-stream,python-jinja2,6,True
cse110-sp23-group4,cse110-sp23-group4,12,True
emanca,wproperties-analysis,138,True
MelnykovSV,js-project-books-t5,38,True
dasch-swiss,dasch-service-platform,40,True
eduapp-project,eduapp,62,True
davinci-ao,wintonoverwatch,2,True
openkylin-backup,ovirt-engine-nodejs,4,True
LandmakTechnology,maven-web-application,6,True
src-openeuler,aspectjweaver,14,True
openkruise,kruise-helm,16,True
UVCE-Marvel,git-task,8,True
github-book,first-pr,22,True
COPS-CSOC-2022,CSOC-2022-week-5-Express-Apis,28,True
src-anolis-os,python-mysqlclient,4,True
src-anolis-os,perl-UNIVERSAL-isa,2,True
mozilla,sumo-projects,2,True
Exawind,amr-wind,143,True
popepatas,Situr,2,True
emqx,emqx-cloud-cdn,14,True
myarmenia,Museums,97,True
frickler24,ckb-next,31,True
cincuranet,FirebirdSql.Data.FirebirdClient,44,True
CelestialSystem,APICYPRESS,10,True
torpeBoiGo,aszteroidabanyaszat,137,True
raghunat,drawesome,85,True
kubevirt,blog,30,True
we-trade-graduation-team,we-trade,44,True
src-openeuler,perl-File-MMagic,8,True
TeamKaulu,RenegadeJammer,12,True
msclal,below-zero,32,True
RockefellerArchiveCenter,rac_aspace,92,True
DS4SD,deepsearch-toolkit,51,True
Pingu-Pox,duncraft,2,True
kercos,HiSTORICCacciaAlTesoro,44,True
Gabrielnero000,FindOffice-Server,21,True
atlp-rwanda,Phantom-Backend-Pirates,80,True
kyverno,website,56,True
ProyectoIntegrador2018,asistente-inteligente-fotos,4,True
learn-co-students,oo-kickstarter-v-000,14,True
Toontown-Offline-Issue-Tracker,issues,2,True
matteoterrien,Busy-Bee-Contacts,8,True
src-anolis-ai,librttopo,10,True
clearcode-tech,code-guides,46,True
engr101staff,engr101matlab,16,True
breatheco-de,exercise-collaborative-html-website,14,True
jwade688,platinum_lyric_project,110,True
kaltura,playkit-js-downloads,70,True
build-security,kibana,1046,True
super30admin,Binary-Search-2,2,True
Not-Endurance,not-timing-system,50,True
Lambda-School-Labs,kansha-be,40,True
src-openeuler,perl-IPC-ShareLite,9,True
FT-React-Study,react-dev-study,36,True
Grupo-6-Projeto-Volt,BackEnd,16,True
civica-digital,iodc-report,26,True
MystenLabs,move-book,20,True
u14395283,SavageRus,34,True
jdelim,Tetris,20,True
src-openeuler,nodejs-eyes,11,True
darkhandz,XPS15-9550-Sierra,12,True
shatice,machineavapeur,26,True
src-anolis-os,perl-MIME-Lite,4,True
sonyxperiadev,device-sony-common,77,True
ironhack-labs,lab-react-discord-hero,2,True
Ferlab-Ste-Justine,clin-ui,42,True
src-openeuler,svnkit,25,True
KLS-VDIT-Haliyal,gettingStartedWithGithubInKLSVDIT,2,True
cs2103jan2015-f10-3c,main,203,True
nyu-devops-fall18,products,51,True
dotnet,vscode-dotnet-runtime,150,True
EmmyLua,EmmyLua-ErrorReport,0,False
MicrosoftDocs,msix-docs,46,True
KLanger98,Gobble-Global-Snack-Finder,96,True
src-openeuler,perl-Monitoring-Plugin,9,True
csci-2479-au-2022,tabletop-nerds,75,True
Bimesha,E-Commerce-Web,36,True
src-anolis-epao,perl-pgsql_perl5,4,True
src-openeuler,ShellCheck,4,True
qiancai,docs,3358,True
opencloudos-testing,mlocate,29,True
agent-system,homework20150415,4,True
jonbertelsen,lifehackB,49,True
TypicalUsername-ai,unishare,21,True
src-openeuler,BiSheng-Autotuner,8,True
TadhgMc,TheTavern,20,True
rexdjw,cs361,158,True
src-openeuler,openstack-mistral,4,True
mpfeifer1,Piano,19,True
AjitBabar,EP_Automation,0,False
george-kankava,gng-social-network,12,True
topcoder-platform,freeCodeCamp,230,True
opencloudos-stream,bind-dyndb-ldap,18,True
TinkerbellBeStrong,TestGithubXI-RPL-1,230,True
opencloudos-stream,cairo,8,True
src-openeuler,nodejs-callsites,9,True
ahumadamob,imb.pr3.lh.2023.spring,6,True
theforage,forage-jpmc-swe-task-2,37,True
project-sunbird,sunbird.org-docs,179,True
zapier,zapier-platform-legacy-scripting-runner,40,True
ministryofjustice,opg-docker-1604,38,True
src-openeuler,python-caribou,4,True
src-openeuler,ghc-bsb-http-chunked,10,True
RezaJodeiri,CXR-Capstone,22,True
src-openeuler,seahorse,11,True
ladybug-podcast,ladybug-website,164,True
src-openeuler,openstack-heat-agents,4,True
taco-corp,checkedin_react,32,True
src-openeuler,perl-MooX-HandlesVia,4,True
src-openeuler,python-apypie,8,True
LambdaSchool,DS-Unit-2-Sprint-4-Model-Validation,18,True
antgroup,.github,6,True
src-openeuler,python-pytz-deprecation-shim,8,True
Andagualh,DP2-G2-8,41,True
src-anolis-os,mod_auth_openidc,2,True
Lukasrygh23,QA_Cinemas,10,True
emys-alb,votacao-caesi,12,True
fulpstation,fulpstation,381,True
openharmony-sig,device_board_isoftstone,9,True
src-openeuler,CharLS,9,True
src-openeuler,perl-IO-Pager,10,True
open-kudos,open-kudos-intern-web,22,True
COMPASS-DPG,wpcas-service,44,True
mosra,magnum-plugins,65,True
src-anolis-os,gspell,2,True
LHC0312,BE-C_Team02,24,True
src-openeuler,vagrant,4,True
src-anolis-ai,python-ipympl,4,True
tel-ran-de,phonebook-m9-1,42,True
EABarton123,NW5-group-3-Road-to-Tech,39,True
upfrontsystems,izinto-angular,50,True
yzhengfei,ai-coding,2,True
pushpay,fruitstand,2,True
sublimemahesh,credit-master,352,True
adobe,assurance-plugins,54,True
NYPL,MyLibraryNYCApp,138,True
juicedata,cli,163,True
CoderDojo,community-platform,22,True
src-anolis-os,svt-av1,4,True
MaksymKonin,project02-news,32,True
rachitmehrotra1,devops-restapi,21,True
apiaryio,boost-move,126,True
src-openeuler,jboss-el,8,True
Mentor-Mentee-Project,mentor-mentee,87,True
leonardo252,AlternaFood,34,True
DACSS,Social_Networks_Spring_2023,40,True
kaltura,playkit-js-audio-player,62,True
src-openeuler,jboss-transaction-spi,11,True
src-openeuler,python-feedgenerator,8,True
PollySaa,java-filmorate,7,True
GSA,ussm2.0,611,True
src-openeuler,proxool,8,True
goldendeepkaur,PPS,262,True
team-replace,replace-backend,6,True
src-openeuler,wall_follower_ros2,4,True
s-hadinger,berry,332,True
folio-org,mod-circulation-bff,15,True
receipt-project,receipt-java,46,True
adobe,helix-task-support,46,True
jminguely,eikon-flex-1,22,True
awesome-davian,awesome-reviews-kaist,4,True
Gmarvis,whatsapp-clone,68,True
esphome,aioesphomeapi,137,True
vados-cosmonic,wasmCloud,131,True
golapadeok,fluo-fe,37,True
AntonioFlores1,Empty-Line,68,True
Ada-C13,string-manipulation-practice,14,True
sulzipteam,sulzip,2,True
yeputons,hse-2019-pb-tasks,83,True
cs361w2019-osu,sprint1-team-1,5,True
NVIDIA,cuEquivariance,26,True
antonjanzon95,gridmastercanvas,28,True
tetorapod-a,fleamarket_sample_77a,60,True
Lv-672-TAQC-Java-project,codeWars672,3,True
surveyjs,survey-analytics,274,True
arlekin12089,webhop-watches,34,True
zaviagodev,frappe,146,True
RHEcosystemAppEng,feast,87,True
ConductionNL,skeleton-gatsby,12,True
darkeris345,Winter-project-KOUDERIAI,60,True
California-Data-Collaborative,OWRScreator,22,True
Zipcoder,Maven.Spring-QuickPollApplication,3,True
src-anolis-ai,gdcm,4,True
learn-co-students,first-ide-lab-vfa-2019,14,True
MatthewScott-86,JobSkillsStatisticsWebsite,177,True
opencloudos-stream,libfreehand,4,True
Gizra,og,129,True
joinpursuit,Pursuit-Core-Web-Unit-2-Assessment-6-4,6,True
gdsckoreahackathon2022,gdsckoreahackathon2022.github.io,36,True
react-native-website-migration,react-native-website,348,True
Gyanthakur,Dev_Profiles,50,True
src-openeuler,R-base64enc,8,True
src-anolis-os,perl-XML-XPathEngine,2,True
src-openeuler,python-pyxdg,8,True
MercuryTechnologies,buck2-prelude,840,True
src-openeuler,rubygem-serverengine,8,True
madskristensen,FileIcons,40,True
tpkreddy,Apssdc-git,12,True
SightPP,Intel_IXN_SightPP,6,True
The-REACTive-DOMinators,react_catalog,16,True
KovalchukAIWE,foodies-front-end,49,True
BabylonianTeam,Babylonians,26,True
GlynLeine,RealisticPlantSim,28,True
ZakharDay,UNIQ-101-002,2,True
LaTechnology,javaportal,25,True
peaksoft-school,bilingual-js11,28,True
CSID-DGU,2024-1-OSSP1-moodoodler-8,10,True
cmm-20,final-project,8,True
CryptoWorldLtd,CryptoNews,16,True
wrytherUC,TrailAnywhere,7,True
The-Foragers,LeafyFriend,64,True
fluencelabs,aquavm,57,True
oicr-gsi,dimsum,67,True
src-openeuler,python-zdaemon,9,True
SmartDroidies,e-angaadi-web,48,True
john-jebo,workshop,12,True
hummingbird-me,kitsu-mobile,44,True
WilliamParsons,SlideShow,44,True
jenkinsci,lib-async-http-client,20,True
nyu-software-engineering,fall-2019-spotterfly,30,True
rfcx,arbimon-uploader,88,True
cobaltspeech,proto,22,True
LoLMatch,frontend,38,True
kottz,D7039E,53,True
AY2425S1-CS2113-W14-3,tp,24,True
openharmony-sig,fluttertpc_sqlite3.dart,25,True
liaten,kanban-board,22,True
src-anolis-os,perl-Params-Classify,2,True
OTI-SRM,srm_project,20,True
CSE574Spring2020,project-submission,2,True
gravitational,teleport-plugin-framework,2,True
appium,tutorial,36,True
NinaAguila,BA3101,4,True
Blue-Ocean-DBZ,vegetationstation,48,True
Yuto-tus,final_assignment_front-yuto-,10,True
FilipMatys,MPR2015,68,True
Chartes-TNAH,dictionnaire,23,True
jocular-jaguars,GreatHunt,30,True
Verizon,funnel,53,True
datana-gmbh,scanio-lite,100,True
GoodDollar,GoodDAPP,245,True
GeekHaven,WebD-Selection-23-24-Final-Tasks,12,True
sweeneyde,3902-zelda-game,20,True
CinemaStyle,GR_3371,2,True
capstone-travelbuddy,travelBuddy,6,True
src-anolis-ai,python-kornia,4,True
COSC481W-2020Fall,cosc481w-581-2020-fall-convoluted-classifiers,55,True
barbarakos,QuizApp,10,True
galynskyy,Goal,4,True
src-openeuler,python-rsd-lib,4,True
Montana-Code-School,git-your-message,28,True
dmkwis,TML-decoder,43,True
ataraxie,successorships,56,True
unixnaresh,batch22aproject,2,True
IvanLukyanau,LX.StaffScheduler.BE,20,True
kruzhok,ramat-gan,24,True
COPS-IITBHU,hello-cops,28,True
src-openeuler,python-olefile,5,True
infoshareacademy,jjdz2-email,5,True
src-anolis-os,sblim-cmpi-base,2,True
rueljessica,CourseGenie,100,True
DizzyEggg,pokeemerald,1607,True
Exordium-Project,e-shop,47,True
cse442-spring-2020-offering,cse442-semester-project-d-s-get-degrees,26,True
Foundation-19,Foundation-19,293,True
src-openeuler,lohit-nepali-fonts,4,True
SocratesAcademy,cjc,479,True
src-anolis-os,crda,2,True
ekoclike,burst,10,True
opencloudos-stream,python-passlib,2,True
ClickHouse,doc-pr-preview-test,114,True
HackYourAssignment,databases-cohort48,74,True
src-anolis-os,python-webencodings,2,True
Saloed,softdev-2023-spring-task-2,2,True
tsangjustin,taylorfit,47,True
src-openeuler,rubygem-docile,9,True
CMU-17-356,scheduleshare,14,True
coconut-svsm,svsm,98,True
dda5gi,algo-study,509,True
mozilla,moz-l10n,26,True
GregorJosh,goit-project-01,13,True
upesacm,21DaysOfCode-2023,113,True
gp1000-dev,gp-attendance,73,True
rowanDEJ,43-project-2,11,True
src-openeuler,perl-bareword-filehandles,9,True
SI-RPL-2023,SI4401_KEL225_UKMFun,63,True
AY2425S1-CS2103T-T08-4,tp,45,True
src-anolis-os,osgi-compendium,2,True
Badjeck,TRIVIAAAAAAA,22,True
0lezhka,logos,20,True
the-collab-lab,tcl-22-smart-shopping-list,54,True
XcooBee,xcoobee-js-sdk,26,True
nyu-devops22-orders,orders,53,True
luiscastror9,MascostasApp,58,True
SoftverInzenjeringETFSA,SI2014Tim7,29,True
Integreat,gemeindeverzeichnis,26,True
EllieSky,PythonBootcamp_Summer2021,136,True
digitalinnovationone,trilha-net-banco-de-dados-desafio,30,True
SebSchoeneberger,SnapTask-Fe,26,True
src-openeuler,perl-DynaLoader-Functions,8,True
intuit,foremast,71,True
VitaliiPopov,Lv-481.SET-OpenCartTest,4,True
opencloudos-stream,perl-CPAN-Meta-Check,2,True
davedelong,calendar_fallacies,8,True
cyverse,qms,81,True
Sarhsian,EasyRestTests,2,True
Aspire-Software-Solutions,RIVAL,49,True
AT-08,coding,9,True
SoftmedTanzania,opensrp-client-chw-hf,15,True
Ebraheem1,Der-Algorithmus2,14,True
src-openeuler,perl-Test-LeakTrace,9,True
src-openeuler,hunspell-eo,9,True
infoshareacademy,jcszr12-AionCode,2,True
postmanlabs,observability-glog,30,True
JASantacruz,ISOFT2-2021-C03,57,True
src-openeuler,nodejs-asn1,8,True
CitrusGender,tgstation,295,True
tebexio,BuycraftX,22,True
andrewkfiedler,reveal,8,True
ueckoken,www.koken.club.uec.ac.jp,56,True
src-anolis-os,aom,4,True
bcgov,cleanbc,2,True
opencloudos-stream,kf5-solid,4,True
oPhamQuangHung,g221_notes,20,True
techlivewang,nativeShare.js,20,True
zer0-os,zSale-SDK,30,True
Emilce-Cano,RefactoringLifeAcademy,13,True
Kushal997-das,Hacktoberfest-2024,24,True
herdj,cs_361_400_f2020,10,True
AvengersTraining,HoangBN_Laravel_PHPBT,21,True
fe-nov22-WardNo6,product_catalog_frontend,34,True
CODAIT,hadoop-yarn-api-python-client,97,True
forktheonlyone,Funiture-OnlineShop,15,True
src-openeuler,python-logutils,9,True
GuardosEpitech,Guardos,13,True
munyeol-Yoon,Permu,56,True
trafilea,storefront-static,48,True
meshkorea,springbootcamp,39,True
Azure,terraform-azurerm-avm-ptn-hci-ad-provisioner,48,True
evangadi,sample-repo,6,True
emqx,rabbitmq-common,187,True
zalandoresearch,psgan,46,True
freedomofpress,securedrop-workstation,253,True
LaughLog,laugh-log,34,True
agile-dev-assignments,project-setup-pinheiro-encompassing,75,True
AT-03,RoomManager,12,True
alii,linear-style,20,True
tekperfect,devops-sandbox,41,True
subodh30,Job-Analyzer,107,True
mate-academy,react_list-of-goods-js,24,True
DEbinger,CEGS,16,True
hmcts,sscs-ccd-e2e-tests,50,True
MET-CS673,StockPortfolio,5,True
src-anolis-os,gnome-backgrounds,2,True
svbrodersen,CSC207_project,22,True
cs4241-20a,a1-gettingstarted,8,True
BlueberryMountainStudio,SlavicHuntress,18,True
smartmind-team,thanosql-docs,24,True
seiyria,tournamentmango,44,True
andela,blackninjas-frontend,66,True
src-openeuler,spymemcached,9,True
opencloudos-stream,gnome-shell,6,True
KodaCaleb,ShortStack,40,True
rabbitonweb,chamberconf_pokoje,2,True
opencloudos-stream,kf5-kactivities,4,True
vladarama,cranki,26,True
thebadge,thebadge-website,98,True
src-openeuler,perl-SVG,8,True
urfit-tech,lodestar-app-admin,57,True
src-openeuler,js-jquery,13,True
michelboaventura,copper,68,True
bizzzzi,weats_spring,3,True
net375,theater-schedule-mobile,146,True
Silent4Devs,suite-web,230,True
cloudfoundry,docs-dev-guide,140,True
QodeFarm,cnl-backend,48,True
LideLinusZhang,cs446-project,20,True
NaKaLiGoBa,AlgoWithMe-BE,23,True
Codeit-Sprint-6-Team16,Team16-Openmind,20,True
Year4-Games-Development,SBSP-A1-nav-combat,42,True
octopusden,octopus-dms-service,49,True
Clotonervo,Event-Planner,20,True
dirruk1,gnome-breeze,13,True
Mindswap-6th-Edition-Final,final-project-be,9,True
GDSC-Algorithm-Study,Algorithm-study,2,True
labforward,laboperator-workflow-schema,72,True
src-anolis-os,python-podman,2,True
Codeit-Sprint-Part-2-Team-6,Open-Mind,16,True
kopaldeep,dlops_activity,11,True
src-openeuler,nodejs-builtin-modules,11,True
hackbots-3414,2022-Rapid_React,27,True
materialsproject,api,50,True
Log-Road,Road_FrontEnd,24,True
puppetlabs,vmstatus,8,True
pyro-ppl,community,2,True
devhouserepo,SKN-Page,16,True
SangNyungLee,useMDP,28,True
IBM,occupancy-insights-desk-sensors-tririga,80,True
opencloudos-stream,pyp2rpm,2,True
OasysFoundation,Oasys-Toolbox-React,68,True
Projeto-grupo-05,projeto,8,True
tstellar,llvm-project,197,True
gregraudenbush,FlaskDebugQuiz,5,True
DeryaYasar,CtisProjectNew,4,True
ScipioWright,Archipelago-SW,265,True
skypro-backend,example-for-graduate-work,8,True
polrmn,kapusta-app,50,True
emmoldovan,internship_web-dev,2,True
IgorZhosan,java-filmorate,7,True
src-openeuler,ct-ng,8,True
ochan1,sp21cs184-final-project,10,True
yuriy-tsarenko,java_essential,9,True
397-F19,LabCat-Native,62,True
gti-sos,SOS1920-05,32,True
ResurrectionRemix,Resurrection_packages_apps_Settings,23,True
PLADI-ALM,PLADI-ALM-Web,36,True
src-openeuler,perl-Dir-Manifest,8,True
hbz,laser-ygor,14,True
AustinCodingAcademy,advanced-testing-practice,26,True
openkylin,qpdf,42,True
Tartarus-RBK,Hospital-System,28,True
kontur-courses,fp,38,True
KyoshiNoda,Elevate,24,True
Thesergiolg99,festify-issues,2,True
hmrc,child-benefit-view-frontend,34,True
citec-spbu,Spatial-Data-ETL,19,True
kyma-project,cli,36,True
soramitsu,soramitsu-iroha-balancer,15,True
SEI-R-10-5,react-ajax-swapi,2,True
deepaksingh0207,bsms,63,True
fenyx-it-academy,VIT-Python-8,2,True
Curlied,Front,38,True
mlp2018,fraud_detection,34,True
vinodkadam02,SpringBootApplication,10,True
iamitsily,Molar-ui,17,True
opencloudos-stream,python-oslo-vmware,2,True
src-anolis-os,ocaml-bisect-ppx,4,True
bsidemyself,VillainousQuest,46,True
FacultadInformatica-LinkedData,Curso2018-2019,305,True
exastro-suite,exastro-platform-dev,65,True
brandonmousseau,vhvr-mod,148,True
ICP-hub,web3_date,54,True
Club-PARD,PARD_iOS,10,True
HAUT-SE-OOP,Assignment_05,5,True
Dongmanee,backend,11,True
Glazoff,client-server-template-with-vite,30,True
goodrain,market-api-python,245,True
ThjodskrarLokaverk,BlazorSkraWebApp,26,True
cs394-s19,325poke,18,True
CS2103AUG2016-W14-C4,main,35,True
sequelize,sequelize-sscce,38,True
src-anolis-os,atomic,2,True
CarlosMtz1281,CaritasMty_HealthApp,48,True
qmargo23,CWTB_SHELTER,7,True
src-openeuler,gz-tools,9,True
josandre,front-end-medical-app,38,True
learn-co-students,sql-crowdfunding-lab-v-000,26,True
ValerieSharandina,ForHomeWork_Git,2,True
mulmagi,server,14,True
src-openeuler,python-scikit-learn,7,True
openeuler,allwinner-kernel,4,True
Lehcim1995,Rekeningrijden,34,True
tcgdigital,ERSClient-Iteration2,62,True
opencloudos-stream,soundtouch,4,True
robinagandhi,hello-world,2,True
UniCourt,Website-Workshop1,43,True
eaaristizabal1,OneSoftGroup,20,True
neetibut,responsive_web2,22,True
24-ITFO4-STDM-BRUE,12-03-JUnit-einfuehren,6,True
ImagingDataCommons,slim,68,True
vovkatom,perfect-task,24,True
morivden,InfoEnvExpr2JavaGame,4,True
src-openeuler,quay,4,True
newrelic,nri-flex,295,True
OctopusDeploy,OctopusDSC,66,True
samply,open-telekom-cloud,12,True
opencloudos-stream,shaderc,6,True
oleelnes,Sandbox,188,True
openkylin,gzip,111,True
learn-co-students,rails-form_tag-readme-v-000,50,True
kamil3197,agile-project-TEAMB,53,True
you-yuan,AutoGeneratorCode,24,True
IDR,upptime,96,True
brianalegre,OldEgg,84,True
GSG-G13,fluentoo,32,True
ihhub,penguinV,89,True
jeanfrancoisburnier,gr14,76,True
AD1616,breadbops-frontend,52,True
ihollander,js-mini-challenge-prework,6,True
barcindia,Test,6,True
akoeplinger,runtime,180,True
benja-iag,blockchain,58,True
ec-utblidningar-web20-csharp-intro,Agile_Demo,6,True
pyani-plus,pyani-plus,81,True
outfitterExpert,main,6,True
src-openeuler,perl-Env-C,12,True
openharmony,telephony_cellular_call,21,True
karmada-io,website,56,True
isystem20,capstone_qcpeso,12,True
hpi-sam,rl-4-self-repair,82,True
OneilMagno,Night-Owl-Project-Repo,46,True
sos-masters,sos-masters,14,True
gotechnica,technica-site-2024,242,True
jereor,Paradise_Falls,82,True
opencloudos-stream,python-inflect,2,True
opencloudos-testing,snappy,31,True
JoeDLehmanJr,Winter-2023-CPW226-Project-eCom,16,True
Lambda-School-Labs,care-for-life-fe,18,True
ELEC2024-DEMACIANS-BSIT-32E1,ELEC2024_DEMACIANS_BSIT_32E1,10,True
StuntsPT,pr_bio_2021-2022_assignments,222,True
IBM,cloud-databases-node-sdk,40,True
MatiasViacava,BeeOrganizeedProject-Fronted,28,True
leemerlas,PrisonVisitApp-web-,11,True
FRC2706,2023-2706-Fall-Poseidon,32,True
watson-developer-cloud,dotnet-standard-sdk,34,True
openharmony-sig,flutter_widget_from_html,46,True
maintth1807076,mystore,83,True
town-intelligent-beta,t-planet-cms,80,True
shruthisalimath,TaskHive,12,True
Netflix-Skunkworks,oxidized,50,True
mesalock-linux,aho-corasick-sgx,42,True
digitrp,fivem-public-board,0,False
The-CallBack-Cats,BagIt,60,True
Ditogos,Project_Team_12,30,True
DUNE,duneana,12,True
KlutzyBubbles,alchemy-unbound-status,20,True
Bdataplanet,To_fly_or_not_to_fly,36,True
radondb,k8s-radondb,6,True
CoderCollective-con-pen-ort-gon,CoderCollective,9,True
saki0311,cloud,81,True
src-anolis-os,python-configshell,2,True
src-anolis-os,perl-Log-Dispatch-FileRotate,4,True
DishDelish,dishdelish-app,39,True
urfu-2018,javascript-task-5,16,True
abhisek247767,AI-ML-DL-Hacktoberfest2024-WB,341,True
hippospace,aptos-coin-list,212,True
hzuapps,web-wechat-2019,10,True
src-openeuler,perl-File-Zglob,8,True
tuanlam1610,20KTPM02-AWP-Project,50,True
src-anolis-os,vala,2,True
gaikwadabhishek,F22-CS151-06,2,True
src-openeuler,perl-B-Hooks-OP-PPAddr,8,True
learn-co-students,rails-activerecord-model-rails-lab-v-000,52,True
8848digital,erpnext,56,True
Emanuelsoniax,CATNIPCHIP,6,True
src-openeuler,ros2_rqt_srv,9,True
Rolkarolka,Hello,17,True
puppetlabs,education-control-repo,14,True
ds5010,vaccines-3,94,True
Spearritt,Soro-s-Island,0,False
DarrenVs,Cuboid,18,True
amitjuyal,MCAENDTERMEXAM,144,True
theRAPTLab,meme-2023,34,True
wirenboard,wb-nm-helper,54,True
thoughtstem,metacoders-dot-org,100,True
Verity-Freedom,Tor-Portable,28,True
DohuiKo,HUFS_MissingSemester_ToMeetGithubClass,2,True
confluentinc,rest-utils,51,True
src-openeuler,isula-rust-extensions,10,True
UB-CSE,course-project-codeville,81,True
Sercanbrack,dnd-right-here,16,True
Islandora-CLAW,islandora,17,True
pubnub,chat-engine,34,True
HigaTakehiro,GraduationWork,34,True
Codubee,MathSkillsMW3-4-Front,28,True
opencloudos-stream,scala,25,True
src-openeuler,wdiff,8,True
ProgrammingLife2016,PL4-2016,28,True
graeme-f,ISY-Sim1,2,True
t-romani,Target_MVD_Api_py,42,True
andela,dark-knight-rc,40,True
ros2,rosidl,145,True
Val832,produit_digital,21,True
UdL-EPS-SoftArch,seedbank-gei,36,True
bgruening,galaxytools,27,True
fe-jul22-team6,product_catalog,26,True
SoftwareProjectIIGroep4,java,18,True
DataDog,cloud-provider-azure,152,True
knight-haven,turtle-tracker,32,True
Dugner,StripStrap,34,True
develhope,Java27-progetto3-team2,5,True
irenewuu,villager-wishlist,96,True
mate-academy,qa_cypress_e2e_intro_adv,10,True
UETCodeCamp,node-camp-02,10,True
src-openeuler,dynamixel-workbench-msgs,4,True
DigitalPlatform,dp2,5103,True
opencloudos-stream,sng,4,True
aminroosta,binary-static,61,True
tabocu,finantial,18,True
Juebele,Wellness-App,40,True
openshift-online,ocm-cli,65,True
DOPALTEC,Taller_Digitales_S2_2024,8,True
uchicago-bio,2015-Autumn-Forum,2,True
Talend,ansible-role-mongodb,77,True
HelpLine-SPTech,helpline-app,24,True
shubhamrajrah,MazeShift-Marauders,174,True
schmidt1024,uptime-mgb,50,True
tipsi2022,Group18-Predicting-League-of-Legends-Analytics,93,True
CodeYourFuture,Node-Coursework-Week3,18,True
team-megatron,chess-app,42,True
pavel-pasechnik,energy-flow,34,True
src-anolis-sig,hml,4,True
xtuml,chess,9,True
IBM,nz-adbc,2,True
Southeastern-Louisiana-University,cmps383-2024-sp-p03-cmps383-2024-sp-p03-g02,54,True
bcgov,moh-hnweb,16,True
part2-1,fandom-k,18,True
katievandyk,hypothetical_meals,26,True
Kiresorg,tjx_csr_client_team_a,56,True
tarunaidoo,Infrastructure_Management,38,True
Aman22sharma,Hacktoberfest2021_beginner,387,True
aws-samples,aws-service-catalog-terraform-reference-architecture,36,True
UBC-MDS,DSCI-532_2024_17_Global-CO2-Emissions-Tracker,44,True
Medical-Information-Assistant-MIA,MIA-BE,40,True
hannerfirst,optimus-prime,0,False
scalableinternetservices,gigly,92,True
src-anolis-ai,nnpack,4,True
src-openeuler,nodejs-debug,8,True
390-2020-09-Fall,foofactors,26,True
KFalcon2022,intensive-tasks,8,True
FINAL-TEAM4,itoxi-be,12,True
os-autoinst,os-autoinst-distri-opensuse,410,True
akvo,Akvo-Theme,184,True
kubesphere,homebrew-tap,4,True
Sno-More,SnoMore,16,True
opencloudos-stream,nginx,34,True
src-openeuler,perl-CGI-Application-Plugin-MessageStack,4,True
oscarrina,finalAri,2,True
Team-Eazy-Meal-Two,new-eazy-meals,14,True
src-anolis-os,python-wcag-contrast-ratio,4,True
teamlead11,GitNew4,2,True
src-openeuler,kf5-baloo,15,True
CCISEL,ccisel.github.io,254,True
ONSdigital,dp-legacy-cache-proxy,82,True
src-openeuler,rqt_msg,9,True
0chain,0chain,142,True
starlabspro-internship,TripMate,87,True
udistrital,administrativa_cliente,28,True
openharmony,third_party_rust_reqwest,74,True
reprograma,On2-projeto-final,74,True
Parade-Wisuda-Oktober-2024,parade-wisok,152,True
File-Converter-Team,file-converter,39,True
scrapperorg,client,51,True
opencloudos-stream,libva,2,True
src-openeuler,rubygem-rspec-mocks,11,True
ieeehyd-website,2019,14,True
Match4ze,4zemi,9,True
replicahq,graphhopper,68,True
TechNodes2-0,ElectiveHub,38,True
AuroraBrune,graceFabrics,32,True
battle-buddies,battle-buddies,11,True
MarcoWL,flag-git-workshop,34,True
itsMounir,Multi-Merchant-Store,67,True
babylon-finance,issues,2,True
99003550,SDLC-Calculator,21,True
kiraacorsac,QuentinTeam,22,True
woowacourse-precourse,kotlin-lotto-7,9,True
settintotrieste,Victoria-2-Cold-War-Enhancement-Mod-CWE,12,True
src-anolis-dde,deepin-turbo,6,True
src-anolis-os,perl-YAML-PP,4,True
codex-team,hawk.android,18,True
src-openeuler,python-cinderlib,4,True
MarcoContreras23,AGRIMOP,57,True
frost0807,coding-test-study,12,True
githubschool,NB-gh4d,70,True
CS3219-AY2324S1,ay2324s1-course-assessment-g23,57,True
hackathon-22-winter-01,hackathon-22-winter-01_backend,15,True
src-openeuler,hunspell-et,9,True
AaronWeber53,SRC-RP-Discussions,0,False
TAMULib,CatalogService,15,True
FIAP-tech-challenge-fast-food,fiap-tech-challenge-fast-food,11,True
motleystate,moonstone,47,True
mikeudacity,ai-term2-beta-feedback,0,False
dguenms,Dawn-of-Civilization,774,True
Ryztiq,KaijuV2,166,True
udaykumarjangra,algorithms,165,True
ana-villalba,ProyectoFinal_DW_Grupo2,266,True
ICS-414-In5PIRE,in5PIRE-code,58,True
geoext,geoext,61,True
soluxsolux,solux_git_assignment,2,True
coral-streaming,coral,85,True
eppenney,eBook-Perpetual-Access-Rights-Tracker,45,True
automation-tools-bootcamp,automation-tools-bootcamp,26,True
McMasterAI,MacAI-Projects-Template,16,True
woowacourse-teams,2022-dallog,34,True
infoshareacademy,jfdz10-nan-app,42,True
AML-2304-NaturalLanguageProcessing,AmazonBooksRecommendation,67,True
kossiitkgp,sandbox,4,True
UMM-CSci-3601-S22,iteration-3-acerinox,58,True
src-anolis-os,perl-OLE-Storage_Lite,4,True
src-openeuler,bam,8,True
dzm-fiodarau,SOEN341-Project,8,True
KaisongHuang,express,34,True
rochafialvin,git-2104,30,True
MetaMask,dapps,39,True
src-openeuler,perl-Regexp-Assemble-Compressed,8,True
RoboticsTeam4904,2019-Code,20,True
src-openeuler,nodejs-graceful-fs,9,True
dxcli,generator-dxcli,38,True
Voyager003,modern_java_in_action,10,True
src-openeuler,rubygem-erubi,11,True
SW705E19,frontend,32,True
wandilediba,hashwork,14,True
joannashad,CEN4910,40,True
rdpeng,RepData_PeerAssessment1,10,True
novasamatech,opengov-delegate-registry,140,True
Wear-Weather,wearweather-FE,40,True
mapbox,callback-timeout,26,True
google-research,remixmatch,105,True
oxdc,obsidian-vertical-tabs,42,True
src-openeuler,python-pact,8,True
dftrakesh,shopify-admin-rest,3,True
4398TempleSpring2020,cscapstoneproject-infinitetrivia,89,True
Berzzerk,Fcompany,82,True
andrewross4224,Launchpad,24,True
johnsondavid1107,theresFoodAtHome,24,True
kuroshum,signate_lesson,154,True
matlury,klusteri-website,41,True
CS2103AUG2016-W15-C4,main,33,True
igor-bul,vyhodb,26,True
calvin-cs262-fall2020-teamH,habitbuddy-client,84,True
fdac19,students,258,True
openkylin,glibmm,20,True
capstoneiTA,Interactive_Teaching_Assistant,38,True
CodeYourFuture,bikes-for-refugees,18,True
src-openeuler,jfreechart,9,True
calebp80,Project-2,70,True
mozilla,nss-taskcluster,12,True
CS2103AUG2016-W13-C2,main,31,True
mozilla-mobile,update-experiments,6,True
KatrinSkyba,summer,24,True
xsuchy,git-demo,4,True
camp-team,prevention-project,50,True
Mongen-Initiative,mongen-frontend,86,True
unity-sds,unity-cs,13,True
rmt-06-florence-fox,fancy-todo,2,True
APP-Android2,FinalProject-ShoppingMallService-team5,11,True
alfred-skyblue,v-scale-screen,21,True
shaman-apprentice,byteAndPixel,26,True
antvis,.github,4,True
JJCSA,backend,23,True
larryTheCoder,SkyWarsForPE,16,True
Lv-567-TAQC,CodeWars567,2,True
IsabelGaleano,projectApp,86,True
MU-DBL,fatplants,114,True
C2H2-UF,ScheduGator,47,True
shabananavas,drupal8-commerce-bluesnap,24,True
crican1,rare-server-group-project,44,True
nanshan-high-school,20201112-homework-basic,13,True
CordedWare,WarehouseManagementService,9,True
janbeyer,FinanzApp,17,True
src-anolis-os,grilo-plugins,2,True
jminguely,17-amber,4,True
DesarrollAR2024,proyecto-ispc-2024,25,True
openeuler-risc-v,opengauss-dcf,9,True
suitmedia,suitcoda,133,True
OliveirarDan,clickmed,17,True
GDSC-Hongik,2023-2-Project-Track-FE,4,True
2021-tutoring,blog-backend,8,True
CS3398-Rio-Bobcats,CS3398-Rio-Bobcats-S2018,21,True
CS342,2023-Allergy,66,True
omalam,COIS2240Assignment1,2,True
src-anolis-module,python36,2,True
Evgenii-Bazhaov,Hacktoberfest2024,1324,True
Moobbot,BTL_CSE481_CNPM,14,True
Honzapda,Honzapda_iOS,10,True
amida-tech,indaba-client,46,True
tailscale,tailetc,10,True
malerie-earle,S4-FinalSprint-FrontEnd,30,True
YixiongHao,spotify-wrapper,47,True
RogerMendez29,Group5Bookstore,3,True
opencloudos-stream,petsc,18,True
UmerFq56,CSC207-GYMULI-,23,True
railbotan,sql,4,True
engtech-projects,MAC-loans,107,True
src-openeuler,python-sphinx-tabs,8,True
src-anolis-dde,golang-gopkg-alecthomas-kingpin,4,True
PictsManager,PictsManagerFront,11,True
tailscale,ssh,44,True
src-openeuler,python-notify2,8,True
opencloudos-stream,conmon,2,True
prenda-school,prenda-school.github.io,30,True
dholliday3,ShelterMe_CS2340,22,True
erlinh,VisualNovel,16,True
is51,catan,24,True
GoodTY,9.Level-Design-System,28,True
RoboRavens,RapidReact,26,True
sydsnow,OBRN,26,True
jenkinsci,ca-mat-performance-benchmarking-by-broadcom-plugin,5,True
Multiplanetary-Innovation-Enterprise,trencher,20,True
coordinote,coordinote,46,True
Hack4Impact-UMD,Philippine-Nurses-Association-Of-America,14,True
src-anolis-os,python-nocasedict,4,True
quay,claircore,522,True
openharmony,multimedia_av_codec,18,True
algonquindesign-grads,2019,173,True
OneTachi,career_helpi,72,True
Lindsayw89,CS321_W6_Hackathon,20,True
NeilDG,GDFUNDA_Dirty,48,True
10-1-pursuit,lab-request-response-cycle-api-postman,2,True
PNV-FE-specialize-module,FE-CMS-PROJECT,26,True
InFact-coop,create-refresh,79,True
nachosoloaga,target-mvd,64,True
vinmarin1,open_access_journal_c_ui,716,True
eunjung0122,PitaPet,1,True
src-openeuler,certmonger,9,True
src-openeuler,perl-L,9,True
LionTeam-17,CaloCheck,10,True
moevm,mse_db_gen_tasks,45,True
MMM-CalendarExt2,MMM-CalendarExt2,97,True
src-anolis-os,palisade,4,True
khakaa,algorithm-study,2,True
EnginyeriaSofwareUB,ES2017B1,86,True
ClickHouse,kubernetes-event-exporter,18,True
deepset-ai,haystack-integrations,304,True
ALOHA-CLASS,MSA9_BoardApp,9,True
Dufuna-Fem,Dufuna18,10,True
mllam,neural-lam,83,True
oclif,plugin-interceptor,24,True
learn-co-students,simple-math-001-prework-web,12,True
Inteli-College,2024-1B-T02-EC10-G05,19,True
khj0998,Invaders,26,True
src-openeuler,ghc-word8,8,True
rts-cmk-wu08,hifi-corner-topg-s,34,True
PhantomHunterRS,WorkFinal,7,True
aws-samples,deploying-unreal-engine-pixel-streaming-server-on-ec2,14,True
hossa95,AsuMathLabG07,36,True
ISPP-23-24-Grupo-3,musclemate-backend,332,True
esmf-org,esmf-test-artifacts,2,True
mucsci-students,2022sp-420-AlarmSquad,13,True
HB9HIL,wavelog,45,True
StarCitizenToolBox,uptime,20,True
fe-oct22-movva,product_catalog_client,30,True
src-openeuler,python-EditorConfig,8,True
monitoria-ic-cc-ufpe,Projeto_WebDev_2019.2,588,True
nromanen,TAQC,11,True
containers,virtcontainers,186,True
TNC-NMFO,NWLAND,170,True
Allen-ISD-Computer-Science,REPO_UltimateChess_2024,98,True
Imperface,drinkon-frontend,24,True
goharbor,website,44,True
amcharts,covid-charts,4,True
openkylin,tdb,10,True
arquillian,arquillian-cube,65,True
opencloudos-stream,perl-Moo,2,True
OrangeScript,proyecto_misw4203,73,True
openeuler-competition,summer2021-83,12,True
src-openeuler,nodejs-ebnf-parser,11,True
NewsCraftNews,NewsCraft,55,True
Kenny-NISLab,openlab-2022,46,True
navadon,269103-2565-2-mid,2,True
Snu0306,Project_Olive,25,True
DataDog,postgres,58,True
Arch666Angel,mods,232,True
brandonngjh,TrainingMgmtWebApp,52,True
ferbihu,PF-GRUPAL,14,True
sbukhari17,Chi411,11,True
IFRS-Campus-Restinga,2024-1-TCC,33,True
CMU-313,spring24-nodebb-sss,202,True
coursereviews,schedule,23,True
openebs,openebs-docs,167,True
jimenanemina1,grupo_7_code_review,12,True
Pingu-Developers,InnosoftApp,69,True
Ada-C15,viewing-party,32,True
BSData,horus-heresy,87,True
SCE-UMKC,ASESP2016_Blood-Donor_TEAM-4,9,True
tc-g8,acme-explorer,42,True
shizuka12,final-tasks,5,True
src-openeuler,python-dunamai,8,True
odoo-dev,odoo,2,True
enjiawu,MAD24_P02_Team1,126,True
MCastegnaro,UA-react-to-do-list,24,True
TheBestofBest,FinalProj_BusinessBridge,34,True
bluemindhan,laonShop,52,True
group3-final-project,news_frontend,132,True
rachaelbelle,goldstar,28,True
daluas,RoomPlanner,2,True
IsacZetterstrom,Frontend-Project,18,True
TheSecretOrganization,ft_transcendence,5,True
1OS-DevTeam,TodoPang,10,True
src-anolis-os,python39,2,True
Sudhandiradhivya,ksr_newtask,54,True
alkemyTech,OT114-Server,15,True
opencloudos-stream,python-certifi,6,True
e-bing,Algorithm_study,21,True
SacOverflow,CAMEL-Services,64,True
mozilla-l10n,www.mozilla.org,448,True
HMAN1911,WDI_9_HOMEWORK,4,True
src-anolis-os,perl-Net-SMTP-SSL,2,True
team-four-ics414,voluntree,64,True
airbnb,optica,29,True
duckietown,course-RH,4,True
kulotsystems,psub-bsit3b-2023,64,True
chaeyeonS2,Duckling,32,True
opencloudos-stream,numad,6,True
yangyuebfsu,qiandao,122,True
JCristancho,GitAcademy,6,True
AlexandrPoddubnyi,command-project-js,10,True
jenkinsci,appcircle-testing-distribution-plugin,20,True
src-anolis-os,httpd,2,True
georgijbudik,project-tastytreats,34,True
IKS-cod,TW2,5,True
opencloudos-stream,plexus-containers,6,True
Alekstitula84,project_05,40,True
angelogluz,repo-aval,8,True
src-openeuler,ghc-conduit,8,True
piraeusdatastore,website,32,True
SanaBootcamp2022-23,SanaCSharp01,2,True
DemocritusLang,Democritus,343,True
1-system-group,Diary-Sample,48,True
davidgisbey,Airbnb_clone,48,True
Kiopp,Dungeon-Crawler-Game,4,True
src-anolis-ai,magma,6,True
BookLinkLab,booklink-front,38,True
Juuhva,AFP-nagy-projekt,37,True
BooksForMarcus,BookStore,24,True
cjh-19,Recall,28,True
facebook,.github,6,True
Keigo50,EventApp,52,True
netlogix,docker,34,True
CSE-210,Exercise-Buddy-App,23,True
GamesPoly,-,38,True
src-openeuler,perl-Log-Log4perl,8,True
openharmony-tpc,chromium_third_party_colorama,71,True
devcareer,team-hacknode-e-wallet-api,16,True
TToon-main,ttoon-server,6,True
radarhere,docker-images,101,True
INF16A,kochbuch-frontend,26,True
CodeYourFuture,JavaScript-Core-2-Coursework-Week1,28,True
dimpeshpanwar,javabasicprograms,313,True
KamilD90,projekt-grupa-3,15,True
IgorBulyzhenkov,team-project-react,32,True
cabinetoffice,gap-find-applicant-backend,8,True
davidkislyak,NC-Document-Online,38,True
src-openeuler,hunspell-gu,9,True
AlexBravo24Ceteq,JavaOctubre2024,42,True
Alessandro018,Eis-aQuestao,105,True
kburk1997,RelieveMe,17,True
mozilla,kanbugger,22,True
moevm,oop,60,True
opencloudos-stream,bouncycastle,4,True
cscareerhub,csch-web,26,True
opencloudos-stream,python-productmd,2,True
Leonam1212,hr-control,234,True
anct-cnum,dashboard,42,True
Tejaswini21,92R_10KCoders,44,True
t9k,user-manuals,26,True
cmangos,wotlk-db,566,True
ratnesh-maurya,Educational-Tech-Exploration,359,True
serakim1105,GEDCOM,85,True
opencloudos-stream,perl-JSON-PP,2,True
utn-app-movil,examenI-tarea5,17,True
nanshan-high-school,toi-202004-novice,4,True
EsDeSepa,GSI-2122-G04,16,True
Ada-C14,dynamic-programming,18,True
OctoNezd,oldlander,38,True
LaucataPe,edupluss,32,True
GiannettaGerardo,TicketYourTest,25,True
e1b18051,B18-Wallet,14,True
brianbryank,game-haven,25,True
hi3g,freki,30,True
Devarasen,My-Fluffy-Friend,52,True
ga-wdi-exercises,haiku,6,True
matsuda13,hfmy,16,True
CombatExtendedRWMod,CombatExtended,21,True
ReapOmen,open-media,31,True
web-Nearest-car-wash,car_wash_backend,116,True
Grsaiago,ft_transcendence,11,True
micahkatz,cs4485-tutoring-website,34,True
src-anolis-ai,python-audioread,4,True
collective-service,ifrc-gates-dashboard,61,True
Alfresco,chef-aps-core,38,True
ok-technopolis-2021,registration,2,True
MikeSIOO,kotlin-team,19,True
NiME2151,Mittelstufenprojekt,29,True
Tejas1510,Awesome-Javascript-and-React-Project,716,True
enBloc-org,arebyte-plugin-v4,23,True
Redjumpman,Jumper-Plugins,113,True
wgitw,git-study,4,True
Evolitist,Heads-x-Hands-School-2022,2,True
FancyMcPlugins,FancyNpcs,33,True
rockwiththis,rockwiththis-website,58,True
Polymap4,polymap4-p4,13,True
BYUCS452F2019,budget-control,40,True
ReshmiCode,ProductiviTree,47,True
openkylin,thunar-volman,20,True
orientechnologies,OrientDB-NET.binary,10,True
clearlinux,clear-linux-documentation,30,True
deep-dive-everything,typescript-with-react,118,True
taosdata,taos-udf,6,True
vapor,fluent-postgres-driver,6,True
avincodes,UOK-Demo,2,True
src-openeuler,python3-docs,9,True
cms-susy-soft-leptons,cmgtools-lite,11,True
Javier-Fermin,FinalChallenge-LoL,10,True
pabdelhay,paloptl,95,True
demoiselle,signer,85,True
geogreck,ics9-compilers,0,False
bitprj,people,10,True
primihub,cryptoTools,123,True
dimkr,tootik,410,True
sakshipainuly,BSC-IT-2-MID-TERM-PRACTICAL,129,True
wizelineacademy,terraform-academy,16,True
hmrc,income-tax-subscription-self-employed-frontend,28,True
SoftRyzen-internship,flora-decor,62,True
ds-ga-1007,assignment6,108,True
src-anolis-os,perl-Module-Build-Tiny,4,True
pace,cloud-sdk-capacitor-plugin,31,True
Matias-Villalobo,MarvelApp,9,True
AhmedAlmaghz,transformers,291,True
movingpictures83,PipeViz,334,True
AY2324S1-CS2103T-F10-1,tp,41,True
opencloudos-stream,p11-kit,4,True
owlprotocol,workspace-public,38,True
thaibevdevRTM,e-Act,6,True
libretro,mame2003-libretro,210,True
PawelRachwal84,ZDboar4,4,True
cartermckinnon,amazon-eks-ami,46,True
openeuler,wayca-scheduler-bench,774,True
src-openeuler,rqt_robot_plugins,9,True
ApollosProject,apollos-apps,58,True
MyElectricalData,myelectricaldata_import,106,True
HelpBerkeley,member-data,29,True
BCCN-Prog,dwd_2018,37,True
alkemyTech,OT242-Server,138,True
src-openeuler,libchewing,11,True
martirdev,monorepo,6,True
IshikawaMasato,visiontraining_2023,36,True
databricks,azure-relay-node,32,True
src-anolis-os,perl-PPIx-Utilities,2,True
src-openeuler,ghc-StateVar,8,True
flerdacodeu,CodeU-2018-Group6,2,True
kkim-hgu,oss2019spring,82,True
ez-algorithm,algorithm,46,True
zammad,zammad-documentation,108,True
bhumi1102,rails,155,True
sysdiglabs,terraform-azurerm-secure,12,True
Droids-Stock-Trader,Stock_Trader,22,True
nbcamp-archive,kkuk-ios,20,True
STih07,upmefrontend,38,True
krakenjs,anemone-lingua,8,True
nyu-software-engineering,recipe-recommender,30,True
WildCodeSchool,202302-orleans-php-project2-abeille,58,True
src-openeuler,libkperf,48,True
topcowmoo,futuristic-wound,20,True
EPFL-ENAC,ALICE-ETHZ-AREMA,66,True
TheKyleKirby,GAME-GALAXXY,34,True
KH-SIXSENSE-FINAL,KH_FINAL,0,False
src-openeuler,neo4j,11,True
opencloudos-stream,lxc,8,True
SMARTRACTECHNOLOGY,smartcosmos-devkit,42,True
minionzu,it2-2016,20,True
Angeld55,Object-oriented_programming_FMI,115,True
misk-fewd2,09_javascript_intro_hw,6,True
dutchakyuliia,alpha-team__ice-cream,20,True
wilks625,MuscleMates,16,True
ironhack-labs,lab-express-basic-auth,28,True
UW-Madison-DataScience,countries,2,True
qbcore-framework,qb-clothing,36,True
GDevelopApp,GDevelop-documentation,52,True
franciuma,SisInfInt-Grupo-C,42,True
Computing-For-All,nextjs-issue-tracker,2,True
epassaro,tardis,104,True
USGS-R,regional-hydrologic-forcings-ml,40,True
icefoganalytics,travel-authorization,85,True
Code-4-Community,speak-for-the-trees,30,True
src-openeuler,litehtml,12,True
dimatomilow,3D-Mode-team5,33,True
ADS-Gang-of-Five,warikan-roulette,22,True
AlexeyKiselyov,wallet-reactor,42,True
story-squad,tricktionary-fe,40,True
Saki-Ota,JS_practice,142,True
DeveloperPetro,city-services,22,True
grails,grails-quartz,13,True
navikt,dialogmote,128,True
src-openeuler,perl-MooseX-GlobRef,4,True
random-development,resources-monitoring-system,12,True
creechcorbin,to_be_adopted,202,True
Tech-SummerCamp,tomonhun,49,True
SU21-DevOps-Shopcart,shopcarts,49,True
GeekBrains2010,GitInstructionWorkshop_2023_12_17,4,True
AppsLab-KE,backend-everyshilling,32,True
yahoo,maha,53,True
CS3219-AY2324S1,ay2324s1-course-assessment-g25,83,True
learn-co-students,review-map-state-to-props-readme-v-000,26,True
CESNET,netopeer,59,True
CastleberryMedia,atomic-lab,57,True
learn-co-students,yield-and-return-values-v-000,8,True
src-openeuler,felix-scr-annotations,9,True
htl-leo-itp-2325-4-5BHITM,drivers,70,True
KMUTT-CampusLink,campus-server,12,True
DunaevViktor,VJV-Survey,17,True
KienTMFPL23,Website_sell_soccer_shoes_bumblebee,5,True
farrellja,URD,420,True
rust-vmm,vmm-reference,35,True
SWP391-Group5-Gemify,Gemify,34,True
src-anolis-os,texi2html,2,True
src-openeuler,urdfdom_headers,9,True
src-openeuler,xfce4-weather-plugin,9,True
src-openeuler,perl-Mail-Message,4,True
dunh-real,MockProject_112024,10,True
src-openeuler,perl-Test-Pod-Content,8,True
openai,neural-gpu,53,True
NokIkNick,SP2-WorkshopAPI-09-04-24,12,True
FeliciLab,dataLab,2,True
IF-107-Ruby,paw-patrol,76,True
CMarstonGamer,GamingCheeto,162,True
tavargas9,DishDiscovery,56,True
shentufoundation,testnet,16,True
gafu2317,AIScheduler,22,True
ryanbas21,forgerock-javascript-sdk,38,True
nus-tic4002-AY2122s2,ip,14,True
taichi-dev,rke2-aws-tf,12,True
goodrain,stack-images,38,True
simpleman19,eagleEvents,52,True
wDCat,ANRC,6,True
infinite-options,Project-Caitlin-Web,71,True
codesquad-members-2023,gaemi-marble-team-04,14,True
Ronal2710,TrabajoPW,5,True
src-openeuler,ros2_geometric_shapes,9,True
aowenmeehanwork,CapabilityViewer,42,True
nicgauthier,git-styleguide-workshop,6,True
elifatci,com.Buysellcycle_UI,4,True
Purcs3d,phishing-softhouse,23,True
DaniAm94,travel-app,73,True
Aygun2210,crm_automation,2,True
CruzHacks,cruzhacks-2021-website,52,True
src-openeuler,ukui-notebook,11,True
nickroberts404,cs373-idb,51,True
sweIhm-ws2018-19,skillproject-fr-15,31,True
AlfianKamil9,afeksi-batch-3,75,True
mykytapokasiuk,mimino-team-project,34,True
mbuvimuia,AdidasSmartRecs,43,True
Altinn,altinn-register,24,True
jap-2024-grupo2,e-mercado,258,True
RoryVaughn,VRBeerPong,52,True
Tournamanager,api,8,True
openeuler,ai-tools,4,True
codeu-su-19-team-48,team-48-codeu,5,True
GrimCo,CoopLife2,181,True
56duong,syncio-webapp,66,True
Azure,fta-azuresecurity101,10,True
daledotshan,liferay-portal,559,True
OpenVisualCloud,Immersive-Video-Sample,24,True
WilhelmusLab,ebseg,40,True
src-openeuler,rubygem-coffee-script,11,True
cyzshenzhen,GJP-tools-chrome-extension,28,True
MetaCell,c-elegans-app,2,True
CMPUT301F21T36,OldHabitsDieHard,42,True
RomanMyth,ShiftHappensMotors,79,True
src-openeuler,openstack-manila,4,True
THartmanOfTheRedwoods,Java-Lab-001,10,True
se-edu,addressbook-level2,28,True
galeslash,Aegis,20,True
gnimty,frontend-gnimty,36,True
Ensembl,ensembl-web-tools-api,25,True
alan-turing-institute,github-introduction,20,True
msoeSE,legalAidFinder,43,True
colewebb,group-8,25,True
src-openeuler,hyphen-te,9,True
OBeeNya,42_ft_transcendence,44,True
f-lab-edu,delivery-food,8,True
OpusCapita,supplier,52,True
scrowl-io,scrowl,14,True
Dcao23,TripsTogo,22,True
hunter-college-ossd-spr-2020,project-evaluation,60,True
auditplus,pg-graphql,264,True
src-openeuler,perl-constant-boolean,8,True
AlSaqr-platform,cva6,220,True
opencloudos-stream,perl-Software-License,2,True
CS3398-Rust-Buckets,S2017,68,True
opencloudos-stream,python-cccolutils,2,True
edwin-do,capstoneTeam30,26,True
anolis,linyaps,100,True
wharfkit,cli,16,True
FinalAngel,django-cms,153,True
henriksen-marcus,Moose-Gamification,6,True
COMP231W21-G3,COMP231W21_G3_PHONNECT,6,True
snu-stat,stat326_621a-2018-hw2,6,True
iTALC,italc,74,True
Zarebin,nextgen-js-4,6,True
bar-d,AlgorithmStudy,22,True
kaltura,server-native-utils,87,True
BinarCode,blog-intership,28,True
glebek2h,EHitchhiking,23,True
darenegade,BookNBlock,50,True
ShoyaSuzuki-bst,todo-list,70,True
