platform,repo_name
github,J3LopezL/sanbryjoha
github,kitab-bazar/server
gitee,src-anolis-os/libgpod
github,krystianklimczak/teamproject-html-css-anemone
github,databricks/pileup.js
github,RavenProject/ravenproject.github.io
github,SHAZzZ97/GitDemoRepo
github,SENAI-Morvan-Figueiredo/ClinicaVolkmann
github,intercom/intercom-cordova
github,AliyunContainerService/ackdistro
github,mosn/configure
gitee,src-openeuler/perl-Pod-Coverage
github,opensearch-project/documentation-website
github,leenlab2/reminiscence
github,rapid7/pcaprub
github,Bogdawaa/iOS-FakeNFT-StarterProject-Public
github,372dev/CultureMate
github,marwankau/cpit210-activity-3
github,eielelle/gradify-web
github,gustavoromito/eng-project
github,flowriteapp/flowrite
github,kubevirt/demo
github,NikolaySavenko/bignum-wizard
github,Pray2U/Algorithm-Study
github,temty180447/Calculator_-
github,navikt/tilleggsstonader-sak-frontend
gitee,src-openeuler/jbossws-parent
gitee,src-openeuler/openstack-neutron-vpnaas
gitee,src-openeuler/crash
github,phrack/ShootOFF
github,Ureca-team-for-Miniproject/URECA-Cinema
github,ViveportSoftware/pc-lib
github,takamuu/obento_takeout_app
github,AIIT-OikawaPBL-2023/slack_bolt_sample
gitee,HarmonyOS-tpc/MaterialProgressBar
gitee,src-openeuler/python-flake8-polyfill
github,justinberg97/digital-wine-cellar
github,Azure/azure-functions-vscode-web
github,gasashi/freemarket_sample_65a
github,Codubee/FoodFiendsMW5-6
gitee,src-openeuler/glassfish-jsp
github,jenkinsci/byte-buddy-api-plugin
github,eclipse/emf-query
github,Hack4Impact-Princeton/alp-portal
github,butlerch/Capstone_2022_2023
github,ngaut/unistore
github,aemsites/vg-roadchoice-com
github,YandexPraktikumDublin/PotatozationOfMars
github,sf-wdi-26/homework
github,IBM/dap-blueprint
github,hellt/vrnetlab
gitee,src-anolis-dde/kde-settings
github,apache/sling-org-apache-sling-validation-api
github,apache/sling-org-apache-sling-validation-test-services
gitee,src-openeuler/nodejs-set-immediate-shim
github,zukva/krokodiller
github,SimonStevns/gruppe14sp2
github,couchbase/docs-mobile
github,codemonkeyspoon/Social-Revue
github,awsdocs/aws-java-developer-guide
github,Weasyl/weasyl
github,linamacromer/TripTip
github,borisumss/LongOldLivePlus
github,RedGarage/Beto
gitee,src-openeuler/perl-MemHandle
github,pigskin/kodi-gamepass
github,astronomer/astro-blog
github,Akanksha1212/C_Programs
github,youheikawaguchi/closet
github,prometheus/client_java-benchmarks
github,Victor-CapstoneEOI/EOI-Capstone
github,CodeYourFuture/JavaScript-Core-1-Coursework-Week4
github,The-POS/The-POS-Flutter
github,ShinhanETS/ets-demo
github,NixOS/ngi0-infra
github,hp77-creator/test-git
github,cloudfoundry/bosh-psmodules
github,pobluesky/customer-inquiry-system
github,Adi8080/Hactoberfest2021
github,Kurash1/FantasyWorld
github,JoeyChiou/B20150318
github,Anuja-2000/article-topic-platform
github,macro161/PSK
github,tamuratak/LaTeX-Workshop
github,ucuapps/robert
github,linusalpsten/Skolpatrullen
github,ByunMinJae/KH_Front_Project
github,DigitalKampong/dk-api
gitee,src-anolis-os/wxGTK3
github,scm-spain/boros-tcf
gitee,opencloudos-stream/python-vine
gitee,src-openeuler/python-kickstart
github,abdalazeezS/git-session-task
github,WishMarket/WishMarket-BE
github,accesscode-2-2/unit-2-hw-1
github,Tellyou6bu6/CSE-442-Project
gitee,src-anolis-os/qt5-qtbase
github,ironhack-labs/lab-javascript-vikings
github,pnumin/K-digital-2024-7
github,uksaha77/recipe-hub
github,OCR-D/core
github,brandonscholten/HIC-DB-2024
github,JC47-TeamMajesty/majesty-space-tours
github,matrixorigin/CI
github,UGS-GIO/forgeApp
github,RaheemBux/super_market_store
github,YoussefAlmardini992/Impala-gymnastiek
github,cmss13-devs/cmss13
github,ElizJogar/UNN-C-Style-Checker
github,MayurDeshmukh10/Sudoku
github,HSKE-Streaming-Server/media-streaming-server
github,globalbrain/sefirot
github,p0x6/holberton-react-workshop-homework
github,Shining-Jicheon-Stars/yjg-dart-flutter-frontend
github,jktemple/Untitled-Parkour-Game
github,CommunityHub-Qro/queretaro-si-sonrie
github,uprm-inso-4116-2020-2021-S1/semester-project-team-b
github,AY2021S1-CS2103T-F11-2/tp
github,gti525/h19-passerelle
github,ItAcademy2023/Java_oop_basics_part_one
github,epfl-si/PhDAssess
gitee,src-openeuler/perl-CGI-Simple
github,hanaro-3rd/frontend
github,ARM-software/psa-arch-tests
github,fegemo/cefet-web-weblot
github,hclgopalsingh/content
github,Dagorik/git-clase-master
github,grafana/stackdriver_exporter
gitee,openeuler/intel-qat
github,pagopa/pn-radd-alt
github,mate-academy/py-tickets-and-orders
github,GroupACEN3031/Sprint1
github,aws-samples/ec2-classic-resource-finder
github,andela/caret-bn-backend
github,yudhiesh/week1-devops
gitee,opencloudos-stream/asio
github,OleksiukStepan/library-service-api
github,quanteda/quanteda.org
github,raghunat/fall-2018
github,diegoew/gas_monitor
github,stfc/xrootd-ceph
github,asterinas/lmbench
gitee,opencloudos-stream/mobile-broadband-provider-info
github,GiliazovaPullrequests/VersionControl_Seminar3
github,reprograma/on20-tet-s5-logica-js
github,SaltyQuetzals/picachu
gitee,src-openeuler/python-werkzeug
github,estevez-dev/ha_client
github,praktikum-pl-ife-2016/soal6
github,thedavidmeister/dim-valley
github,swiftinsg/About-Us-2022
github,Azure/enterprise-chat
gitee,src-anolis-os/python-cloudpickle
github,notweuz/FNF-OSEngine
github,open-horizon/open-horizon-release
github,13Blackmagic/What-we-drinkin
github,Ana-vitoria-nunes/PagueCerto1
github,skyboy/MineFactoryReloaded
github,enpitut2018/hakohugu_winter
github,dsc-sookmyung/2024-02-Android-Study
github,tuwaiq-ios/day62-lab1-coredata
github,CodeTheDream/TFA-lesson-bank
gitee,src-openeuler/libiodbc
gitee,src-openeuler/xfwm4
github,kaygar86/team_12_project
github,silvam22/workout_tracker
github,intive/patronage22_poznan_js
github,emqx/emqx-terraform-docs
github,openstack-k8s-operators/install_yamls
github,RahafB/bash_basics
github,zeca9189/2016SpringCSE406
github,lassiterda/project-3
github,ferdium/ferdium-recipes
github,lawrencemsteven/BFBB
gitee,src-openeuler/ghc-zip-archive
github,Piotr-Glab495/SportEventManager
github,Computational-Content-Analysis-2020/Readings-Responses-Spring
gitee,src-anolis-os/perl-HTTP-Message
github,go-kratos/go-kratos.dev
github,beatlink-epfl/beatlink
github,yasatr/PSS_capStone_E-Learning
github,TelRanTest/TelRunGit
github,jina-ai/executor-text-laser-encoder
github,branoholy/update-files-action
github,GuillaumeGomez/test-rust-docs-ui
github,tapaswenipathak/Internship
github,Nienkedn/Nieuwsanalyse8
github,AusTINCANsProgrammingTeam/2022Swerve
github,mozilla/srg-pre-crawl-utils
github,TelerikAcademy/JavaScript-OOP
github,capstoneteamb/capstone360
github,HarvestHaven/TPOT-Next
github,grafana/astradb-datasource
gitee,src-anolis-os/s390utils
github,WilliamDodds123/NoMeaslyFeat
github,Fifis-Organization/Brocoli-se
github,khanhdx/DATN_WD_08_FA24
github,puppetlabs/waitfor
github,web-building-blocks/shadcn-ui
github,WDI-SEA/Sample-Project-Git-Workflow
github,APisDriven/gitPayd
github,algorithm006-class02/algorithm006-class02
github,aws-samples/lambda-web-scraper-example
github,V-Sekai/v-sekai-game
github,manabie-com/togo
github,laysgabrielle/biblia-em-ordem
gitee,src-anolis-os/perl-Devel-Cycle
github,Halium/docs
github,Fenshway/itsc-4155-project
github,lsalluri/myfuel.ai
github,elastos/Elastos.ELA
github,shrubjc/bjc-tech
github,221230pm362/semiRepo
gitee,src-openeuler/ros2_hls_lfcd_lds_driver
gitee,opencloudos-stream/perl-XML-NamespaceSupport
gitee,src-anolis-os/perl-DateTime-Format-Builder
github,department-of-veterans-affairs/cql-transpiler
github,metabase/sdk-kotlin-spring-be-example
github,AY2021S2-CS2103T-W13-3/tp
github,EfficientElephants/project2020
github,Ferlab-Ste-Justine/clin-pipelines-dags
github,CSCI3308-Fall22/CSCI-3308_Group_Project_Team_015-01
github,sd16spring/TextMining
github,ayushpreenza07/SalesforceAutomation
gitee,openkylin/libio-stringy-perl
github,CS2103-AY1819S1-T09-3/main
github,ub-cse442/election-and-data-sci
github,mkulesh/onpc
github,WSO2Telco/component-dep
github,learn-co-students/html-issue-bot-9000-vfa-2018-v2
github,Guptacos/spotifython
gitee,src-openeuler/ghc-cookie
github,gracexcabrera/Shadowed
github,UCL-MPHY0021-21-22/average_squares
github,CSID-DGU/2021-1-OSSP1-GONGSSOCOOL-3
github,m16u3l/asignacionDeTribunales
github,UEHMonQAQC/23_902
github,zzooong2/TeamProject_VibeVillage
github,bnajafi/BuildingSimulationProject_Polimi_TES
gitee,src-anolis-os/libid3tag
github,koorukuroo/pda_5th
github,DeadlineShooters/Ads-Management
github,hacktoolkit/django-htk
github,bbangHo/condingTest
github,Beleguic/ChallengeStack2
github,MovieBook-2/moviebook
github,develhope/Java17-Team2-Dealer
github,aiscience-22/UA_War
github,apache/apisix-website
github,asrjccp/perse24
github,kaltura/swiv
github,rabbitmq/rabbitmq-prometheus
github,aws-samples/aws-genomics-workflows
github,TeamStoic/StoicChess
github,calblueprint/chinese-newcomers
github,joinpursuit/9-1-module-three-assessment
github,CTQPuebla/JavaSept22
github,aws-ia/cfn-ps-amazon-redshift
gitee,src-anolis-os/python-sphinxcontrib-devhelp
github,toku-sa-n/antei
github,hyekyung-oh/LIVE_BOOK
github,lamassu/lamassu-server
github,ICEI-PUC-Minas-PMV-ADS/pmv-ads-2024-1-e3-proj-mov-t2-farmaonline
github,JungWook87/MovieSourcing
github,MyungJiwoo/AJD-algorithm-study
github,aurnabdas/CapStone-Film-Analyzer
github,ces-huynguyen/liferay-portal
github,datastax/astra-streaming-docs
github,cod3ctq/javaAgosto24
github,puppetlabs/puppetfile-check
github,Gatis1/ZDZU
github,firsttris/plugin.video.sendtokodi
github,aayushi-droid/Python-Thunder
github,afifudin24/FinalProjectPMO-OK
gitee,openkylin/i2c-tools
gitee,6tail/lunar-go
github,bestmealever/Thebestmeal_Spring
gitee,src-openeuler/perl-Date-Simple
github,learn-co-students/sinatra-fwitter-group-project-online-web-sp-000
github,njwhites/checkin
github,quanzhanying/jdstore
github,AdrenalinV/lk_loyality
github,azkaban/azkaban-plugins
github,lilkxst/iOS-FakeNFT-StarterProject-Public
github,netlify/dbt_greenhouse
github,morpht/convivial
github,bytedance/trace-noschedule
github,LiminalVR/LiminalSdk-UnityPackage
github,DuyLong27/DuAnTotNghiep_SD111
github,trejoRogelio/mobile-programming
github,newrelic/docs-website-i18n-phrase
gitee,src-openeuler/lxshortcut
github,middle-Atlantida/Battleship-Atlantida
github,assist-1/lab11
gitee,src-anolis-os/grilo
github,Kitura/Kitura-net
github,Fruitfella/ROBOT-binary
github,freshworks/marketplace-sample-apps
github,svetlemk/Stellan_Sprint2B28
github,dankelley/oce
github,auddus16/KimHwangBaeStreet
github,Tereneckla/wotlk
github,SetProtocol/set-protocol-v2
github,Ndani-Technologies/greenme-fe
github,asharma8602/Introduction-to-Deep-Learning-and-its-Applications
github,kst6294/wanted-preonboarding-challenge-backend-20
github,2-2-22/rolling
github,ProyectoIntegrador2018/conexion_tec_2
github,iman-salmani/iplan
github,intel/processwatch
github,brainsum/c2distro
github,ktminks/CEN3031SPR23
github,DevDmitriy/git-lesson
github,helpcrunch/helpcrunch-symfony
github,leftshiftone/conveyjs
github,anhquan14072002/IT_LEARNING_WEBSTIE_FE
github,CodeClouds-Guru/99ventures
github,gogaille/blog
github,ironhack-labs/lab-javascript-chronometer
github,Boonapart228/AndroidQuestionsApp
github,ucsdlib/dams5-cc-pilot
github,Btotals/whereIs
gitee,opencloudos-stream/ocaml-cppo
github,DSC-UTMap/utmap-website
github,SAP-docs/sapui5
github,electron/universal
github,ucsb-cs184-f24/team10AlcTracker
github,Mozcalti/GamingPlatform
github,HSE-CS/Test
github,ICEI-PUC-Minas-PMV-ADS/pmv-ads-2023-1-e1-proj-web-t15-e1-proj-web-t15-time4-projlivroapp
github,Hunter2065/ChewiTest
github,buuhuu/maruti-playground
github,Natal1a-Chuklina/java-filmorate
github,patronusv/bookreading-client
github,cucapra/dahlia
github,mystic-ai/pipeline
github,FundIngSoft2021-10/phoenixWear
github,Qihoo360/XLearning-XDML
github,minallaad/SER517-Capstone---Project-10
github,hassio-addons/addon-traccar
github,summer-troopers/better-moodle-ui
github,ethereum-optimism/op-analytics
github,wizelineacademy/itesm-socioformador-ago-dec-2023-team-03
gitee,src-openeuler/ifm3d-release
gitee,src-openeuler/perl-parent
github,emqx/NanoSDK
github,abrinckm/TE-Performer-App
github,fglaw/repaired
github,ODOICHON/frontend
github,lookiesmu/LOOKIE_BACK_2022
github,nnstreamer/nnstreamer-windows-resource
github,Team-Cartographer/SUITS-2024-LMCC
github,dojo/docs
github,n8n-io/codemirror-lang-n8n
gitee,openkylin/libopenmpt
github,mariusbalcytis/webpack-bundle
github,CMPUT301F22T19/DietScoop
github,nrfconnect/nrf_wifi
github,pagopa/p4pa-payhub-activities
github,Servond/jcwd220202
github,KSigurd/KROLF-household-app
github,sad-cow-png/Shared-Spaces
github,bandprotocol/chain
github,BoutSoftware/PadronDigitalPAN
github,cardano-lightning/cardano-lightning
github,PeterFiorentino/Choral
github,iotaledger/entangled
github,ironhack-labs/lab-css-spotify-clone
gitee,openkylin/libclass-method-modifiers-perl
github,CMU-17313Q/fall23-nodebb-inshallah-a
github,at-android/2016-k2-training
gitee,src-openeuler/libsvm
github,libsdl-org/tremor
github,HarvardWestlake/CapitolClash
github,DariaSavchenko12/SymundCloud
github,Deepwarrior/axolotl
github,cedelabs/ccxt
github,CEN-Project-Group-2/Bookstore-API
github,rudderlabs/rudder-transformer
github,brianchandotcom/liferay-docker
github,rubyforgood/discourse-ticketing
github,cjswn10/Blank_mobile
github,cockroachdb/readline
github,geocollections/geokirjandus
github,kimtaeyeon04/TeamPro_5-frontend
github,OHIF/react-vtkjs-viewport
github,OPEN-ENT-NG/support
github,jina-ai/executor-glb-crafter
gitee,opencloudos-stream/libXext
github,DUNE/dune-tms
github,EsreverWoW/ShestakUI_Classic
gitee,src-openeuler/python-baluhn
gitee,src-anolis-sig/noslate-anode
github,pintheworld/pintheworld
gitee,src-openeuler/python-fabulous
github,Jeff-Paul-Greco/Project-2
github,tbriany/Carry
github,commitay/homebrew-cask
github,hanfel-dovned/Skyview
github,Arquisoft/radarin_en2a
github,etherealgloriaw/ae86-team-car2share
github,wso2/apim-apps
github,manabr0w/DB_COURSE_WORK
github,bjornblissing/osgoculusviewer
github,SociallyCompute/MizzouSENG
github,sul-dlss/dor_indexing_app
github,IBM/Voice2Series-Reprogramming
github,mozilla/thimble-homepage-gallery
gitee,src-openeuler/xprop
github,trackstarhq/documentation
github,olumayor99/Kadivi
github,harvard-library/archivesspace
gitee,src-openeuler/python-scripttest
github,ishandeveloper/Coursify-hacktoberfest
github,blockchain-jd-com/jdchain-indexer
github,mahdiguermache/transition
github,aws-ia/cfn-ps-cisco-duo-network-gateway
github,JananiVijaykumar/BJC-Teacher-Tracker
github,airbnb/lottie-spm
gitee,opencloudos-stream/ocaml-calendar
github,CUWesternBlister/CommunityReviews
gitee,src-openeuler/xacro
github,wlk-dev/shift-tracker
github,ivergil/grocery-list
github,tothbence9922/Heartloc
github,heettae/TravelInMap
github,simibubi/Above-and-Beyond
github,jenkinsci/javax-activation-api-plugin
github,SergioAlejandroM/Proyecto-NYC-Taxis
github,srinibasbiswal/HacktoberProfile
github,AvengersTraining/pets-nuxtjs
github,newrelic/newrelic-infra-checkers
github,ferrolho/feup-ldso
gitee,src-openeuler/perl-XML-Tiny
gitee,src-openeuler/python-smartypants
github,hashicorp/waypoint-template-go-protobuf-api
github,FilipRechtoris/git_workshop_wta12
github,jonathanParamo/storageAdministration
github,DuendeSoftware/docs.duendesoftware.com
github,hyperledger/iroha-javascript
github,microsoft/.github
github,LikeLion-11th-Domtory/Domtory_Server
github,joinpursuit/css_grid_exercise
github,adobe/parliament-source-jsonschema
github,RaterWebsite/Rater
github,DeclareDesign/estimatr
github,alaingilbert/pyogame
github,CS3219-AY2425S1/cs3219-ay2425s1-project-g06
github,klaseskilson/vattentornet
github,fatimatechcampus/TechCampus-Three
github,arsh459/Quora-Cloning
github,clojars/administration
gitee,opencloudos-stream/smartmontools
github,instructure/terraform-aws-ec2-autoscale-group
github,OpenLiberty/guide-liberty-deep-dive-gradle
github,Azure/ADME-Solution-Accelerators
gitee,openkylin/libtest-memory-cycle-perl
gitee,openharmony-sig/flutter_pdfview_will_delete
github,StellarisW/cwgo
github,math-sousa/Lost-and-found-pets
github,ds-ga-1007/assignment8
github,Molnes/Nyhetsjeger
github,bxhsiman/BUPTSmartCarLearning
github,EugTech/king-pong-plan-2019
gitee,src-openeuler/nodejs-spdx-license-ids
github,microsoft/aitour-unlock-value-with-copilot
github,progedu/pull-request-training
github,ICEI-PUC-Minas-PMV-SI/pmv-si-2024-1-pe1-t1-nafaixa
github,tryyang2001/CS3213-Frontend-Management-System
github,ameliarahman/second-meeting
github,LikeMindsCommunity/likeminds-chat-reactnative
github,commons-stack/ABCswap
gitee,src-anolis-ai/python-srsly
gitee,opencloudos-stream/iputils
github,vention-js-lab/ventioners-stayhub-backend
gitee,src-openeuler/catfish
github,fe-jul22-team10/project_nice_gadgets
github,mbrewer05/csc307-team3project
github,gb-babybaby/baby-baby
github,voorhoede/code-class-ci
github,aws-samples/aws-config-track-aged-access-keys
github,isomerpages/moe-evergreensec
github,nextcloud/nextcloud-directediting
github,chimerror/code-reviews
github,alinealien/jogo-da-velha
github,food-rescue/food-rescue-app
github,Nirothipan/micro-integrator
github,infoshareacademy/jfdzr1-dancing-potatoes
github,antsermen/Acme-Toolkits-E3.08
github,woof-board/woof
github,mpashchenkov/open_model_zoo
github,lagom/online-auction-java
github,Phansen47/FoodFeed
github,augustoa10/Livraria
github,JustasGau/DonjinKrawler
gitee,src-anolis-os/python-kdcproxy
github,jjakobsons87/dino-adoption
github,unt-carpentries/2018-06-05-unt-swc-collaboration
github,LAyers45/devsLink
gitee,src-openeuler/openstack-octavia
github,younjun1234/WOOFLY
github,ds-ga-1007/assignment9
github,phetsims/area-model-common
github,2nd-team-b/front-wait
github,Volgarenok/spbspu-labs-2024-tp-a
github,Teaching-projects/SZE-MOSZE-2020-Runtime_Terror
github,typelevel/typelevel.github.com
github,martinvol/tallerII
github,Hikanyan/AcquireSummerGameJamEarthTeam
github,groupby/storefront
github,mesosphere/dcos-docs-site
github,stmcdonald-vt/convo-crafters
github,mollie/WooCommerce
github,dream-wish-team/wish-board
github,FacultadInformatica-LinkedData/Curso2021-2022
gitee,src-anolis-os/nss_wrapper
github,pagopa/dx-typescript
github,bergmannfederico/caldar-G8
github,Tauders/dratuIT
github,incubateind/gdtc-Day1
github,ovcharuks/SuperDevs-YachtJet
gitee,src-anolis-os/bolt
gitee,opencloudos-stream/perl-XML-LibXML
gitee,src-openeuler/pgpool2
github,Logan-Ph/Building-IT-System
github,mulesoft/docs-api-experience-hub
github,StanislavFishkov/java-explore-with-me-plus
github,Agile-Chess/chess
github,Benaud12/checkpoint_game
github,ScottishCovidResponse/Covid19_EERAModel
gitee,src-openeuler/perl-Class-Throwable
github,jjangjjh2222/thu-space-invaders
gitee,src-anolis-os/qhull
github,KenzieAcademy/backend-epithet-generator
github,Praktikum-IF-R/Latihan-8
github,Instituto-Maua-de-Tecnologia/coil_frontend
github,QuinceIT/PQuince
gitee,src-openeuler/python-sphinxcontrib-github-alt
github,moraroy/NonSteamLaunchersDecky
github,devontehillman/are-we-there-yet
github,ConduceInc/conduce-python-api
github,w00ye0l/SMilE
github,ISAKids4Ever/RecruitmentApp
github,ThrilledBerryTeam/infra
gitee,src-anolis-os/sblim-sfcc
gitee,openjfx/jfx
github,tue-ees-5xwg0/power-system-simulation-myriad
github,SI-RPL-2022/SI4301_SIKESMAS
github,190701-revature/name-list
github,Fuck-We-Ballerz/DM885
github,MGBankNode/MGBankApp
github,minetest-mods/technic
github,uber/tchannel-java
gitee,src-openeuler/python-webassets
github,cberganz/ft_transcendence
github,Hwylinc/sogiri-auto-calculation
github,a-fiorito/NoteShare
github,aperiosoftware/astropy
github,REmemory-team/REmemory-Nodejs
github,mindbox-cloud/github-actions
github,e1b19058/kaiji
gitee,opencloudos-stream/booth
github,che2ese/BeLover
github,CSCI-GA-2820-SP24-001/customers
github,DataDog/go-gitlab
github,cse110-sp24-group18/cse110-sp24-group18
github,th-koeln/mi-bachelor-screendesign
github,GTestay/arq-2020-q1
github,DevThive/book_final
gitee,src-openeuler/filters
github,ChangePlusPlusVandy/ndc-frontend
github,aion-dk/election-verification-site
github,ftornberg/Social-Network
gitee,src-openeuler/python-async-timeout
github,hjalmers/angular-generic-table
github,KAIST-IS521/Agreement
gitee,src-openeuler/python-timeunit
gitee,opencloudos-stream/libwpe
gitee,src-openeuler/ghc-hslua-aeson
github,tmonfre/git-lecture-collab
github,Con-Rez/autoDetailProject
github,joinpursuit/FSW-Redux-Two-Lab
github,isomerpages/imda-pixel
github,AdRiAnPg7/Mobile-Project
gitee,src-anolis-os/crash-trace-command
github,bmuellerhstat/06-kickstarter-lab
gitee,src-anolis-os/perl-CPAN-Meta-Check
github,coolcatsz/EquipRent
gitee,src-openeuler/mpi4py
github,mattrobertsky/disguised-remuneration-frontend
github,xi-effect/xi.monorepo
github,segmentio/a1-notation
github,instructure/mc-go-mysql
github,ray-project/rllib
gitee,openkylin/libxmlb
github,vasilisalmpanis/ft_transcendence
github,Josh-University/git_training_swiggy1
gitee,src-openeuler/libmypaint
github,cncf/telecom-user-group
github,Yujin051/lms-system-team-project
github,nodesign/weio
github,ConsenSys/redash
github,IBM/hybrid-analytics-mfp
github,llBackend7/MOIZA
github,StateFarmInsCodingCompetition/2018-StateFarm-CodingCompetitionProblem
github,DigitalHouseBrasil/Mobile04
github,fmidev/aviation-message-archiver
github,PiotrRynio/CodersCamp-LiveChatHackathon2022
github,ironhack-labs/lab-react-cohort-tools
github,luicfrr/react-native-vision-camera-face-detector
github,kostant/chefio
github,anderscc/CSC750_Project
github,UB-ES-2023-B3/sharing_pictures_webapp
gitee,openharmony-sig/stb-image
github,aws-robotics/rmw_opensplice
gitee,src-anolis-os/perl-DBD-MySQL
github,sjponce/brava-sales
github,jaykrell/mono
gitee,src-openeuler/nodejs-dreamopt
github,rmamidal/ADGMO
github,MobilePorting/FNF-PsychEngine-Mobile
github,RAPID-Platform-Projects/Rapid-Docs
github,dimstefanakis/myshelf
github,fe-aug22-ta-y-take/phone_catalog_front-end
github,pharo-vcs/iceberg
github,unsri-hackers/ecommerce
github,IctEduTeam2/STANDSAFE
github,apache/sling-tooling-jenkins
gitee,src-openeuler/perl-Module-CPANfile
github,aquelemiguel/parrot
github,TuanAnh1210/Braintech-App
github,piamayuga/desktop-tutorial
github,LowerRockLabs/laravel-livewire-tables
github,DataDog/chef-python
gitee,src-anolis-module/maven
github,alaoweb/2020.alaoweb.org
github,stanreee/sign-language-learning
github,acn916/Senior-Project
github,ICS3UI-01-2016/3U-Quiz3
github,sighBRG/Dynamic-webapplication-newton
github,GeekUniversity/Frontend-05-Template
gitee,openharmony-tpc/chromium_third_party_quic_trace
github,HayatEmraan/dwelling
github,sjgresha/The-Dinner-Club
github,xendit/xendit-opencart-module
gitee,opencloudos-stream/corosync-qdevice
github,asgeirrr/prezencka
github,vchernin/easyeffects
github,IsmaelRuizJurado/Acme-L3-D04
github,COMU-BLM4022/Exercises
github,ScottishCovidResponse/data_pipeline_api
github,painprog/LetsGo
gitee,src-openeuler/rubygem-net-scp
github,cesurvmnc/examen2024
github,umassd-dataviz/CIS-470-TermTest
github,Test-Pro-Bootcamp/A55-QA-Automation-Framework
github,Shi-553/ReLeaF
gitee,src-openeuler/lohit-bengali-fonts
gitee,src-anolis-os/python-websocket-client
github,equinor/resdata
github,nmrodio/NFL_Fantasy_Football
github,mipengine/mip2-extensions
gitee,src-openeuler/perl-Dist-CheckConflicts
github,Zesty-Surprise/feedback-frontend
github,polispay/polis
github,alice-skills/bufet
github,bekindtomammals0/ASI_HR-Hiring-System_Group4
github,jakescheele/whats-in-store
github,perfume-pick/purple-front
github,kurenn/market_place_api
github,UBC-MDS/dsci_525_group18
github,kozubskyi/goit-react-node-project
github,Ada-C7/trek
github,The-Dirty-Dino-Mites/holeDat
github,funmusicplace/mirlo
github,lynntfuzz/ToDoOrNotToDo
github,tanyagupta0201/LeetCode-Problems-Solutions
github,joinpursuit/Pursuit-Core-iOS-5-3-Fellows-List
gitee,src-openeuler/wqy-microhei-fonts
github,scribeWiz-team/ScribeWiz
github,front-camp-2018/tags-input
github,javaee/jsonp
github,timofeysie/serene-brushlands
gitee,src-anolis-os/yaml-cpp
github,raml-org/raml-js-parser-2
github,ironhack-labs/lab-react-state-training
github,AlexGeekBrains/online-classifieds
github,LambdaSchool/Sprint-Challenge--Security-Theory
github,ga-wdi-exercises/checkpoint-express-mongoose-short
github,hemenkapadia/getbhavcopy
gitee,src-anolis-os/perl-Unicode-CheckUTF8
gitee,opencloudos-stream/qt5-qtlocation
github,minyoung529/Lighp
github,capsule-corp-ternoa/nft-marketplace
github,Rooks-on-Rails/rooks_on_rails
gitee,src-openeuler/geronimo-validation
gitee,src-anolis-ai/clinfo
github,companieshouse/limited-partnerships-web
github,JPsiInVR/organisation
github,We-Are-INFPs/Algorithm
github,smokhadar/catch-up2
github,ArduPilot/ardupilot_gazebo
github,IBM/spm-citizen-engagement
gitee,src-anolis-os/mecab
github,Ramlan404/babybot
github,HackYourFuture-CPH/class-25-ironside
github,ArmDeveloperEcosystem/arm-learning-paths
github,s-e-r-O/practica-certi
github,werf/3p-argocd-image-updater
github,aritraroy24/HACKTOBERFEST2021_PATTERN
github,DevelopersZone06/revive-client
github,fga-kominfo/assignment-3
github,BernardoEstrada/Qarinio-animal
github,segmentio/react-storybook
gitee,src-openeuler/python-xattr
github,sonic-net/sonic-tsc
github,Tejashri-Taral/TrendTrove-Ecommerce
github,prisma/prisma-engines-builds
github,Twilight-Studioo/production
github,cucynthi77/socialapp-starter
github,eurodatacube/eodash-catalog
github,mechef/mechef
github,CIMAC-CIDC/cidc-api-gae
gitee,src-openeuler/perl-Test-Dist-VersionSync
github,sapcc/manila
github,InnovaGameCreate/AtamakkoCard
github,chingu-voyages/v43-tier2-team-11
github,nnikolovskiii/FinkiRasporedi
github,susanna3003/Capstone2024
github,erda-project/ory-kratos
github,DSCI-310-2024/DSCI310_Group-12_Credit-Risk-Classification
github,espressif/esp-lwip
github,TechTitansFTC/IntoTheDeep
github,zhangguanzhang/Actions-OpenWrt
github,openai/gym3
github,pagopa/pn-national-registries
github,msasif2000/LumiJob-Client
gitee,src-anolis-os/perl-IO-stringy
github,WildCodeSchool/2309-wns-jaune-snow-wild
gitee,src-openeuler/python-justbytes
gitee,src-anolis-os/python-deprecation
github,spectatorpublishing/womens-history-month
github,Tencent/iHearing
gitee,opencloudos-stream/python-pytest-rerunfailures
github,alan-turing-institute/arc-model-similarities-phase-2
github,RubiMonti/arquitectura_software
github,ORNL-AMO/ORNL-Weather
github,shadowproject/shadow
github,ClickHouse/libpqxx
github,SNULION-12th/react-advance-seminar
github,arshadkazmi42/first-issues
github,AliyunContainerService/terraform-provider-alicloud
github,Lambda-School-Labs/CS10-flight-log
github,msp-strath/TypOS
github,Gooey-Dee-Bee/Ripple
github,Fareedh-12/tech-roots-project
gitee,src-openeuler/librsync
github,LABS-EU3/shopping_cart_frontend
github,canonical/bundle-kubeflow
github,duongphhe151097/SWP391_TradeSystem
github,FromDoppler/doppler-html-editor-api
github,NadyaKonzevaya/Icecream-group9
github,TechTeam-org/public-tasks
gitee,src-openeuler/perl-Test-Pod-No404s
github,michaljabi/js-na-frontach-zadania
github,serlo/serlo-editor-as-lti-tool
gitee,openharmony/drivers_interface
github,TeamDash2021/Keep-In-Check
github,jenkinsci/groovy-pipeline-model
github,Huastechnology/Vue-Course-Manager
github,kedro-org/kedro-devrel
github,mannimaster/compsci-proj-md
github,paulcacheux/aoc
gitee,src-openeuler/python-XStatic-Dagre-D3
github,symopsio/terraform-provider-sym
github,UMC-5th-TOgether/Together_BE
github,rizafahmi/awesome-speakers-id
github,burovskiile7/Group16_Git_GitHUb
github,Lambda-School-Labs/labspt2-ksl-alerts
github,R-o-y/variora
github,JiyaGupta-cs/ShopNex
github,ilham77/pplA6
github,RUGSoftEng/2018-Tuberculosis-Android
github,MicroPyramid/micro-finance
github,shobhi1310/backend-team
github,lucabriguglia/OpenCQRS
github,happy-se-life/kanban
github,douglmendes/mercado-fresco-round-go
github,CMPUT301F23T16/HoneyBadgersProject
github,alinmear/docker-conanexiles
github,dang-van-thinh/ecommerce-gundam-win
github,venkyEidiko/aus-corsafe-poc
github,saeraa/next-tomten
gitee,src-openeuler/nodejs-grunt
github,TeamC2-Softwareprojekt/ParkBlazer
github,MrPunyapal/basic-crud
github,sei-protocol/sei-cosmos
github,datastax/pulsar-io-cloud-storage
github,khalilcherni/Hope-TN
github,BCSDLab/KOIN_iOS
github,intel/ipu7-camera-hal
github,RepreZen/KaiZen-OpenApi-Parser
github,UpstreamData/pyasic
github,kyverno/pod-security-admission
github,LeandroT22/Proyecto_Final_JaP
github,SlateIn/slatein-app
github,SUNKARAAYODHYARAMIREDDY/DeepLearning_1stAssignment
github,MeowDevelopers/today-house-clone
github,AY2021S1-CS2103T-T13-2/tp
github,tirtzerzbrez/Mobile-Programming
github,HydroFish-Waterloo/HydroFish
github,Orchid-DOTNET/BscCSIT-2023-MVC
github,FREAC/LABINS
github,1CRM/oceanfront
github,XML-BSEP/Security
github,whirli/whirli-client
github,pesumca23/github_demo
github,FundamentosProgramacion/Tarea_01
github,anosach-luxoft/sdl_core
gitee,src-openeuler/nodejs-docopt
github,cee-chen/kibana
github,SmartFitStudio/FitnessWebAppWithRAG
github,glygener/glygen-frontend
github,HernanGonza/proyecto-final-web-app-servicios
github,sktometometo/jsk_robot
github,demisto/ts-essentials
github,SW814F20/Report
github,rancher/rancher.github.io
github,Ren149/INTROSE-Source-Repository
gitee,opencloudos-stream/python-autopage
github,urfu-2016/markup-task-9
github,AxelB01/proyecto-grado
github,pegas-alias/pegas-alias
github,AY2324S2-CS2103T-W11-2/tp
gitee,src-openeuler/intel-ipp-crypto-mb
github,Dilbert66/esphome-vistaECP
github,theonion/bulbs-public-ads-manager
github,fproldan/erpnext
github,HomeFoodFighter/Server
github,janus-idp/backstage-showcase
github,BrayMurph/BITS-Review
github,josh16/ConsoleGameDev_2
github,MobilityData/elrond.gtfs.org
github,Technigo/project-p1-first-webpage
github,m-asadd1997/TucShopApp
github,heena3443/Lab5-Section1-Summer2020
github,t-will-gillis/website
github,TimeZynk/timezynk-api-spec
gitee,opencloudos-stream/openvswitch
github,BCDevOps/OpenShift4-RollOut
github,healthsites/hcid-watchkeeper
gitee,src-openeuler/kpmcore
github,CodeYourFuture/scot-volunteer-ad
github,TheRealSpectrum/four-horsemen-restaurant
gitee,src-openeuler/rosidl
github,kdt-live/git-0608
github,badass-pirates/pirates
gitee,src-openeuler/example_interfaces
gitee,src-openeuler/ghc-servant-server
github,Abid357/git-workshop-357
gitee,src-openeuler/python-pyspelling
gitee,openkylin/kactivitymanagerd
github,WordPress/wporg-photo-directory
gitee,horsejs_admin/ScreenCapture
github,mate-academy/react_add-todo-form
gitee,src-openeuler/SDL_sound
github,presly808/acp18
github,hortonworks-spark/spark-llap
github,YuKARLO15/Thesis-Borrowing-System
github,2019-Flexcode-Cohort/smart-shopping-list
github,joinpursuit/Pursuit-Core-Web-Twitter-CSS-Assignment
github,wolk8506/team-icecream
github,noorbhatia10/grappus_skribbl
github,digitalinnovationone/matches-simulator-app
gitee,src-openeuler/perl-JSON-Pointer
gitee,src-openeuler/python-markdown
github,grafana/yugabyte-datasource
github,mapbox/assembly
github,Zrips/CMI
github,codetrybe/DailyTracker-backend
gitee,haor186/hrcms_V1.2
github,oasis-dev/it-transformation
github,Domraider/rxnet
github,oneblink/forms-cdn
github,rahataid/rahat-platform-nx
github,amzn/amazon-payments-magento-2-plugin
github,sg05060/SDS_A_LAB
github,hstreamdb/hstreamio-cdn
github,FPLHN-FACTORY/udpm-tutor-management
gitee,openkylin/ide-vscode-java-pack
github,Food-Rescue-Social-Media-Platform/Food-Rescue-social-media-application
gitee,openharmony-sig/libogg
github,AufaNajid/RusConsign
github,agrc/udot-parcel-ml
github,AY2021S1-CS2103T-T17-4/tp
gitee,src-openeuler/python-ibmcclient
github,youssefalb/HealthHub
github,hsnam95/class2022Spring
github,contentql/pin-horizon-health
github,kcc112/BibliotekaIO
github,mate-academy/jv-jdbc-intro
github,jina-ai/executor-video-torch-encoder
github,bcgov/vc-authn-oidc
gitee,src-openeuler/kf5-libkcddb
github,violettagoldman/webserv
github,071921-LTI/TRiPLNR-front
github,papanton/BowGame
gitee,src-openeuler/ignition_cmake2_vendor
github,Azure/communication-monitoring
github,Odin-SMR/odin-api
github,gdg-berlin-android/ZeBadge
github,grafana/k6deps
gitee,src-openeuler/python-enmerkar
gitee,opencloudos-stream/ipset
github,gaborlovasdotcom/liferay-portal
github,TheSoftwareFactory/DlearnHelsinki
github,SarayGal/Unac-Virtual-Tracking
github,yunify/packer-builder-qingcloud
github,saby/builder
github,rameshabeysekara/planner-app-react-native
github,Ferlab-Ste-Justine/cqdg-portal-ui
github,fuku-git/Weeeb
github,SkrapLitter/capstone
github,alkemyTech/OT102-Server
github,ImisDevelopers/SORMAS-Project
github,awesome-academy/real_estate
gitee,src-openeuler/ublox
github,subhadipbhowmik/30-Days-Of-CPP
github,Programacion-III-UAP/github-starter-course
github,TVTKMO22-WP-GROUP-1/Climate_Change-Visualizer
github,MobileApps-Cascadia/fncf-photopoints-ios
github,UCL-COMP0233-24-25/earthquakes
github,ZbayApp/nectar
github,leomont/cursoDesarrolloSoftware20242
github,PauloJaime/ser515asu
github,UBC-MDS/DSCI-532_2024_22_flightfinder
github,inf112-v19/Handbrekket
github,cse442-fall-2019-offering/442projects-loopholes
gitee,src-openeuler/hunspell-ms
github,nordakademie-einfuehrung-java/studenten
gitee,src-openeuler/openblas
gitee,opencloudos-stream/liblzf
github,kadetXx/HNG-Script
github,TiimMate/TeamMateClient
github,bita2019/lnd8-BShade-finalproject
github,espressif/test-project-bot
github,dwilliams5807/Project-3
github,dvkruchinin/cvat
github,OrderHere2023/OrderHere-backend
github,openenclave/test-infra
github,ionic-team/ionic-v3
github,123charu/Scripting-Languages-Mid-term-Practical
github,JuN-front/Junsei-frontend-basic-2022-todoapp
github,notBASIL/Final-Project
github,dotnet-foundation/projects
github,chengsteven/city-dog-share-calendar
github,ViktoriyaRyazhska/Lv-256.ATQC
gitee,src-openeuler/python-django-rules
github,Iura-Radulov/teamproject-filmoteka
github,QAAFI/REMS2020
github,Banndzior/git-pb
github,StarRocks/docusaurus-build
github,Sameer1223/ferrous
github,BattlesnakeOfficial/rules
gitee,src-openeuler/perl-Language-Functional
github,Sitecheckcheck/SkyFitnessPro
github,TRI-AMDD/beep
github,CSIS-iLab/reconasia_wp
github,CMPUT404-F21T0/CMPUT404-Project-BetterSocial
github,JonnyFernandez/assistt
github,apache/fineract-cn-portfolio
github,EbrahimHanafy/Jumia
github,Stellar-Soft/QuartonQuest
gitee,src-anolis-os/fabtests
github,project5jo/maroon5
github,Expensify/react-native-x-geolocation
github,oclif/plugin-svo
github,RevanthR/AI_Assignments
github,42Flowers/transcendence
github,frncscdf/Tecnologie-Web
gitee,src-openeuler/rubygem-cucumber-wire
github,adobe/plugin-hooks
github,DelazJ/QGIS-Documentation
github,staubjoao/busca_emprego
gitee,openkylin/7zip
gitee,opencloudos-stream/python-fqdn
github,Kobaysh/EscapeFromNote
github,jenkinsci/livingdoc-reports-plugin
github,kosukeimai/wru
github,MiNISpaceMobile/minispace
github,outsideOfficialy/Prod
github,Nazar710/CIBG-WNT-Parser
github,we-are-what-we-do/we-are-what-we-do
gitee,openkylin/sphinx-rtd-theme
github,grafana/grafana-k6-app-plugin-feedback
github,HDFGroup/hdf-compass
gitee,src-openeuler/perl-Daemon-Control
github,neo4j/docs-kafka-connector
github,alisw/alidist
github,FeenixServerProject/Archangel_2.4.3_Bugtracker
gitee,src-openeuler/libytnef
gitee,src-openeuler/perl-Data-Stream-Bulk
github,TYPO3-Documentation/typo3-writing-guide
github,oasisprotocol/wallet
github,joinpursuit/Pursuit-Core-Web-HTML-Introduction-Lab
github,DavidDr90/Lets-Talk
gitee,src-openeuler/mate-backgrounds
github,scoop-tech-corp/rpc-be
github,supabase-community/flutter-auth-ui
github,mulesoft/docs-api-governance-documentation
github,swarfarm/swarfarm
github,infobloxopen/infoblox-client
github,IrinaGlodeanu/TramsA6
gitee,src-openeuler/ovirt-ansible-manageiq
github,JingJingQ/-1-
github,ConductionNL/Proto-application-NLDesign
github,sotobabi/betty
github,hei-school/hei-admin-api
github,Hounsvad/OOP-Sem.1-2018
github,LMS-Learnvista/LB_DSC_SEPT_WKDY_2020
github,UBC-MDS/525_group_3
github,AgileWarsaw/netlify
github,and-rewsmith/iotedge
github,Zarathustra4/ML-Essence
github,ZZOMING-K/2024_Algorithm_Study
github,super30admin/Strings-1
github,vercel/title-site
gitee,src-openeuler/rubygem-actionmailbox
gitee,src-anolis-ai/super-lu
github,jaeh2020/Teamproject
github,bdluc/Internship_QNU
github,aliemteam/ALiEMU
github,ollybh/18xx
github,communitynostalgiaproject/Nostalgia-Project-Client
github,huymq/opencps-v2
github,mozilla/mozilla-campus-clubs
github,MaggieYang57/CSC308-TeamB
gitee,openharmony/testfwk_arkxtest
github,Darkhax-Minecraft/Bookshelf
gitee,src-openeuler/ghc-unix-time
github,marisabivi/galapagos-conservancy
github,Seeyou2000/SE_UNO_Project
github,kabdomora/P3G5
github,open-telemetry/opentelemetry-ruby-contrib
github,kzhereb/kpi-acts-ta2020
github,PetroHrynyk/parcel-test
gitee,src-openeuler/perl-Carton
github,midudev/landing-infojobs
github,MLSAKIET0821/MLSAKIET_FWdevops_INTERNSHIP
github,firasm/542_code_review_template
github,cldblz/cocktails
github,illiden228/GB_3
github,martijn9612/fishy
github,nitiowo/Biocomputing-Final-Project
gitee,openharmony-tpc/chromium_third_party_libsync
github,laravel/lumen-docs
gitee,src-openeuler/python-xtermcolor
github,LNReader/lnreader-plugins
github,alkemyTech/OT126-SERVER
github,muthuArivoli/school-bus-planner
gitee,src-openeuler/python-pyhcl
github,ministryofjustice/opg-sirius-supervision-finance-hub
github,sandboxnu/mgh-video-journal
gitee,openeuler-risc-v/kylin-music
github,rails/website
github,Aitrich-Academy-ASP-Net-Core/.NetCore-Angulae-OnlineBatch-04
github,takkun1993/Flea-market-app
gitee,openeuler-competition/summer2021-11
github,Julie-Fabre/bombcell
github,ShaBaiTianCN/Skyopolis-5
github,DankMemer/imgen
github,carrot-u/carrot-u-admin-app
github,pinglepingle/Lets-be-Amazing
github,kkms30/SmartShop
github,D3strukt0r/fhnw-jass
github,Mercantec-GHC/h2-projekt-trinity-hotel
gitee,src-openeuler/base64coder
github,railbotan/xmljson
gitee,opencloudos-stream/python-sphinxcontrib-actdiag
github,Think-Tank-6/Voice-Of-the-Star
gitee,opencloudos-stream/aide
github,sugarcrm/SugarCE-Add-ons
github,john9101/LTW_N15
github,kaltura/html-bind
github,codice/alliance
github,KEA-DoKebi/dalkom-front
github,expo/expo-analytics-segment
github,DishantaK/gitTickets
github,Culinart/Culinart
github,cul/ldpd-findingaids-asi
github,leon123858/ntuaf
github,maieul/biblatex-bookinarticle
github,teamlead11/GitNew7
github,Lojain45Mostafa/InstagraClone
github,pphongsavath03/create-a-car
github,Shift3/DevOps-Apprenticeship-Notes
github,DungBeetle0618/talktok
github,learn-co-students/react-async-fetch-lab-v-000
github,Dental-Revenue/Codebase-2-Dev
github,infoshareacademy/jfddr9-projekt-html-css
github,bit-bots/ddlitlab2024
github,ConsenSys/Sap_ForkTest
github,framgia/sph-ut-uni-charts
github,BartoliniAndBorderCollies/Restaurant_Management_System_REST_API
github,UppuluriKalyani/ML-Nexus
github,radareorg/r2con2019
github,infoshareacademy/jjdd7-gitLoopersi
github,DAN-MU-ZI/healthyreal
github,CS2103AUG2016-W14-C2/main
github,TeamAwsom/awsm-backend
github,google/minions
github,Lucky-Ducky-ATGJ/Lucky-Ducky
github,tylersuchan/symphoni
github,ironhack-labs/lab-es6-algorithms
github,XavierAubert/core-v-verif
github,acesdit/first-contributions
github,phoenix-ceri/Foodi3-C3ntral
github,Weit-2nd/roady-foody-server
github,HubSpot/cli-lib
github,pouorix/vSharee_front
github,Equilibrium23/Fancy-Recipes
github,openshift/simple-openshift-sinatra-sti
gitee,src-openeuler/python-packaging
github,tomered/smart-campus-frontend
gitee,src-anolis-os/perl-Parse-DebControl
github,Austinx75/Team-9-TCSS-450
gitee,openkylin/libtool
github,connectrpc/examples-es
gitee,opencloudos-stream/perl-DateTime-Locale
github,jenkinsci/frugal-testing-plugin
github,quiches-group/quichtify
github,the-virtual-brain/tvb-root
github,lilatan/CSE442Project
gitee,src-openeuler/jdependency
github,Shannoon/TortoiseGit
github,aws-quickstart/quickstart-atlassian-jira
github,garasijogi/mamoto-website
github,yousefahmed98/git_assignment_Team6
gitee,src-openeuler/xfce4-vala
github,LarryByrd89/gusteaus-restaurant
github,VinAIResearch/ISBNet
github,ohtuprojekti-kokoushuone/kokoushuoneiden-varaaminen
github,CAMPUS-3-BUT-INFORMATIQUE/Horizons
github,primihub/confidential-computing-zoo
github,sweng2/sweng2
github,essayNEXT/REPETITOR
github,AndreyMukhametzyanov/CoursesApp
github,TechnologyMasters/jobs
github,apache/struts-site
github,fe-may23-teamscript/ecommerce_frontend
github,platanus/2021-1-Grupo4-Web
gitee,src-openeuler/e2fsprogs
github,alumnicelliitr/Raionzo-website
gitee,opencloudos-stream/postgres-decoderbufs
github,mike-barber/daves-garage-primes
github,selltea/OOSEproj
github,sensu/sensu-docs-legacy
github,shabeebkaip/flytern
github,OneSignal/OneSignal-Xamarin-SDK
github,jnsmelinda/Vent
github,ashiqur-r-biplop/Dhaka-Bus-Ticket
github,johansbg/Quilla-Tour
github,0xPolygon/cdk-data-availability
github,MaximKucheriaviy/filmoteka-by-team-2
github,j-cool-hirai/fukui-study
github,austenhughes/The-Baffoonery
github,ForgeVTT/ddb-meta-data
github,zyngjaku/agh-xp
github,hydrogram/hydrogram
github,SchoodEIP/Schood-API
github,COSC481W-2020Fall/cosc481w-581-2020-fall-stattracker
github,JoshKardos/TuTour
github,IsmaelMartinez/logger-to-kibana
github,Yuki-Inagawa/freemarket_sample_55b
github,computingfuturetech/officeERP
github,jenkinsci/wix-plugin
gitee,src-openeuler/geronimo-jta
github,Jolg42/upptime
github,ros-industrial/abb_experimental
github,Shmythor/Sharebin
github,watson70percent/SAMURAI-SOCCER
github,frontend-park-mail-ru/2022_1_devo4ki_na_d1skoteke
github,woowacourse-precourse/kotlin-baseball-6
github,ISPP-P2/HeartForChange
github,FACG6/social-streets
github,fe-aug23-team5/product_catalog
github,eProsima/Micro-XRCE-DDS-Client
github,bhartiharinkhede44/hospital-admin-pro
github,wh-portal-development/WarhammerPortalDevelopment
github,hunglq249/vyan
github,Consensys/solc-typed-ast
github,Pewter-City-BlueOcean/rave-app
github,AndrewSavinchuk/Group19_TryCloudCucumba
github,learn-co-students/building-forms-lab-v-000
github,arulpc1995/testng
github,WargaLab-Information-Systems/pemrograman-visual-3D-2024
github,CS2103AUG2016-T15-C1/main
github,microsoft/appcenter-sampleapp-ios-swift
github,Kenneth-Ngcobo/ASE_2024_GROUP_D
gitee,src-openeuler/perl-CPAN-Meta-Check
github,IUS-CS/project-facebook-api-integration-software
github,woowacourse/java-chicken-2019
github,timdeschryver/hacktoberfest-2019-angular
github,Falmouth-Games-Academy/comp110-worksheet-1
gitee,src-openeuler/sunpinyin
gitee,src-openeuler/perl-MooseX-OneArgNew
github,SpilledCofee/DataBase
github,TaskWeaver/frontend_app
github,bugKillers-AlphaCode-Teams/react-product-catalog
github,Cosmic-Cryptid-Games/GrowingDepths
github,techmefr/WildChat
github,LArSoft/webevd
github,StephGidde/choost
github,electron/sheriff
github,NicolasEsqui01/fizzmodTeam
github,cdk8s-team/cdk8s-plus
github,Ada-C7/ride-share-two
github,3um-Group/Atomic-SDK
github,frdtorres/Teaching2024
github,cse442-fall-2019-offering/442projects-sjdf
github,mapbox/node-geolite2
github,ChesterSVK/PA165-RedTeamProject
github,arc-repos/arc-example-webpack
github,dmab0919-aTeam/3-semester-project
github,nextcloud/documentserver_community
github,Leibnitz80/java-filmorate
gitee,src-openeuler/python-mne-bids
github,Team-OnePiece/OnePiece_BackEnd
github,proyectobufete/ProyectoBufete
gitee,openkylin/rust-unicode-ident
github,dlwnsgus07/algorithm_study
github,ingadhoc/account-financial-tools
github,IBM/event-notifications-huawei-android-sdk
github,sagun03/node-shopping-server
github,google/digitalassetlinks
github,NasserBen/MediSearch
github,Tencent-RTC/TUIRoomKit
github,jerwest/project-repcon
github,polinaucc/crm-food-establishment
github,SE2-GROUP-P12/SPG
github,isDamont/QHTMLPen
gitee,src-anolis-os/dwarves
github,jojayama/CutecoreHealth
github,Fong-/CS169-PenPal-Gladiators
github,behzadparvaz/ODoc-Front
github,JeffersonCallupe/BigTech_Consulting
github,aylinev2/CodeU-Summer-2018
github,cfpb/complaint-intake
github,ConnerOzenne/Rapid-Rx
github,n8n-io/codemirror-lang-n8n-sql
github,pdp-adademy-g27/1fit-green-team
gitee,src-anolis-ai/python-resize-right
github,tanmaysharma2001/arjun-backend
github,julietrinh1/soen341
github,ese-detkin-lab/ese5190-2022-lab1-firefly
github,ableco/automationtraining
gitee,daicuo/feifeicms
github,joincivil/civil-sdk
github,davidOrtiz09/GreenMarket-G2
github,PhucLocNguyen/N2_NET1806_SWP
github,strumet/labmod17
github,ClickHouse/aws-crt-cpp
gitee,minstrel1977/rust-reference
github,Technigo/project-final
github,Bahmni/openmrs-module-bahmniapps
github,urfu-2016/team3
github,chargetrip/examples
github,ashasan1/trader-jocks
github,hstreamdb/distributed-tests
github,frontend-application-development-uw22/week2-assignment
github,dwainscheeren/dwains-dashboard-addons
github,makscap/protest-frontend
gitee,src-openeuler/time-api
github,openshift/project-request-limit
github,PTU-Graduate/Ryu_Front
github,arafat-solutions/ext-mid-pkmu-web
gitee,src-openeuler/perl-Class-Can
github,pianodaemon/SJO
github,google/apitools
github,cs2103jan2016-f13-4j/main
gitee,src-openeuler/perl-Net-SNMP
gitee,src-anolis-dde/phonon
github,knudsam/knowledge-buddy
gitee,src-openeuler/python-shamir-mnemonic
github,Klasa-4TP/Klasa-4TP
github,microsoft/AImagery
github,realestateSoftuni/RealEstate
github,oliveiraagu1/Projeto3fase
github,Allen-ISD-Computer-Science/REPO_AutomaticDifferentiation_2024
github,Nordgaren/Elden-Ring-Debug-Tool
github,Semantics-of-Sustainability/tempo-embeddings
github,nsonb/helsinki-outdoor-innovation
github,ulearn-me-course-java/3-java-control-flow-and-arrays
github,didwjddyd/LogIN-Adventure
github,takoda1/student-success
github,single-spa/create-single-spa
github,Pjiwm/serious-game
github,danon321/mate-academy-project-group-1
github,zio/zio-telemetry
github,aws-samples/cookiecutter-aws-sam-pipeline
github,Bulvinkoln/4232_Company
gitee,src-openeuler/libcddb
github,cartographer-project/async_grpc
github,MODU-TAXI/server-api
github,birgorg/birg
github,e-leal/project-2
github,mate-academy/py-movie-api
github,tsl0922/mpv-menu-plugin
github,Swackles/hk-multimedia
github,G12-ISPP/Knowledge-base
github,amit8001/Project3_FlightLogger
github,kaltura/netkit-android
github,aws-samples/aws-secret-sidecar-injector
github,beckn/beckn-exp-ui
github,DataDog/codecov-ruby
github,eduapp-project/eduapp
github,ricardocampos1/Pyxia
github,calvin-cs262-itteam/itteam
github,Ada-C14/personal-portfolio-site
gitee,src-openeuler/ros2_system_modes
github,emanca/wproperties-analysis
github,dasch-swiss/dasch-service-platform
github,cse110-sp23-group4/cse110-sp23-group4
gitee,opencloudos-stream/python-jinja2
github,MelnykovSV/js-project-books-t5
github,myarmenia/Museums
github,Exawind/amr-wind
github,openkruise/kruise-helm
github,davinci-ao/wintonoverwatch
github,LandmakTechnology/maven-web-application
gitee,openkylin-backup/ovirt-engine-nodejs
gitee,src-openeuler/aspectjweaver
github,github-book/first-pr
github,COPS-CSOC-2022/CSOC-2022-week-5-Express-Apis
github,UVCE-Marvel/git-task
github,frickler24/ckb-next
gitee,src-anolis-os/python-mysqlclient
gitee,src-anolis-os/perl-UNIVERSAL-isa
github,raghunat/drawesome
github,mozilla/sumo-projects
github,emqx/emqx-cloud-cdn
github,popepatas/Situr
github,we-trade-graduation-team/we-trade
github,torpeBoiGo/aszteroidabanyaszat
github,cincuranet/FirebirdSql.Data.FirebirdClient
github,CelestialSystem/APICYPRESS
github,kubevirt/blog
github,RockefellerArchiveCenter/rac_aspace
github,msclal/below-zero
github,TeamKaulu/RenegadeJammer
github,DS4SD/deepsearch-toolkit
gitee,src-openeuler/perl-File-MMagic
github,atlp-rwanda/Phantom-Backend-Pirates
github,kercos/HiSTORICCacciaAlTesoro
github,kyverno/website
github,build-security/kibana
github,Pingu-Pox/duncraft
github,Gabrielnero000/FindOffice-Server
github,learn-co-students/oo-kickstarter-v-000
github,ProyectoIntegrador2018/asistente-inteligente-fotos
github,clearcode-tech/code-guides
github,jwade688/platinum_lyric_project
github,Toontown-Offline-Issue-Tracker/issues
github,matteoterrien/Busy-Bee-Contacts
github,engr101staff/engr101matlab
gitee,src-anolis-ai/librttopo
github,kaltura/playkit-js-downloads
github,qiancai/docs
github,breatheco-de/exercise-collaborative-html-website
github,Not-Endurance/not-timing-system
github,Lambda-School-Labs/kansha-be
github,FT-React-Study/react-dev-study
github,super30admin/Binary-Search-2
github,MystenLabs/move-book
github,Grupo-6-Projeto-Volt/BackEnd
gitee,src-openeuler/perl-IPC-ShareLite
github,civica-digital/iodc-report
github,u14395283/SavageRus
github,darkhandz/XPS15-9550-Sierra
github,cs2103jan2015-f10-3c/main
github,jdelim/Tetris
github,shatice/machineavapeur
gitee,src-openeuler/nodejs-eyes
github,sonyxperiadev/device-sony-common
github,dotnet/vscode-dotnet-runtime
gitee,src-anolis-os/perl-MIME-Lite
github,Ferlab-Ste-Justine/clin-ui
github,ironhack-labs/lab-react-discord-hero
github,KLS-VDIT-Haliyal/gettingStartedWithGithubInKLSVDIT
gitee,src-openeuler/svnkit
github,csci-2479-au-2022/tabletop-nerds
github,nyu-devops-fall18/products
github,KLanger98/Gobble-Global-Snack-Finder
github,MicrosoftDocs/msix-docs
github,EmmyLua/EmmyLua-ErrorReport
github,Bimesha/E-Commerce-Web
gitee,src-openeuler/perl-Monitoring-Plugin
github,topcoder-platform/freeCodeCamp
github,rexdjw/cs361
gitee,opencloudos-testing/mlocate
gitee,src-anolis-epao/perl-pgsql_perl5
gitee,src-openeuler/ShellCheck
github,jonbertelsen/lifehackB
github,agent-system/homework20150415
github,TadhgMc/TheTavern
github,TypicalUsername-ai/unishare
gitee,src-openeuler/BiSheng-Autotuner
github,george-kankava/gng-social-network
github,mpfeifer1/Piano
github,project-sunbird/sunbird.org-docs
gitee,src-openeuler/openstack-mistral
github,TinkerbellBeStrong/TestGithubXI-RPL-1
github,AjitBabar/EP_Automation
github,fulpstation/fulpstation
github,ministryofjustice/opg-docker-1604
gitee,opencloudos-stream/bind-dyndb-ldap
github,ahumadamob/imb.pr3.lh.2023.spring
gitee,opencloudos-stream/cairo
gitee,src-openeuler/nodejs-callsites
github,theforage/forage-jpmc-swe-task-2
github,RezaJodeiri/CXR-Capstone
github,zapier/zapier-platform-legacy-scripting-runner
gitee,src-openeuler/python-caribou
github,LambdaSchool/DS-Unit-2-Sprint-4-Model-Validation
gitee,src-openeuler/ghc-bsb-http-chunked
github,Andagualh/DP2-G2-8
gitee,src-openeuler/seahorse
github,taco-corp/checkedin_react
github,ladybug-podcast/ladybug-website
gitee,src-openeuler/openstack-heat-agents
github,antgroup/.github
gitee,src-openeuler/perl-MooX-HandlesVia
gitee,src-openeuler/python-apypie
github,open-kudos/open-kudos-intern-web
github,emys-alb/votacao-caesi
gitee,src-openeuler/python-pytz-deprecation-shim
github,Lukasrygh23/QA_Cinemas
gitee,src-anolis-os/mod_auth_openidc
github,mosra/magnum-plugins
github,COMPASS-DPG/wpcas-service
gitee,openharmony-sig/device_board_isoftstone
github,NYPL/MyLibraryNYCApp
gitee,src-openeuler/CharLS
gitee,src-openeuler/perl-IO-Pager
github,tel-ran-de/phonebook-m9-1
github,LHC0312/BE-C_Team02
gitee,src-anolis-os/gspell
github,upfrontsystems/izinto-angular
github,EABarton123/NW5-group-3-Road-to-Tech
gitee,src-openeuler/vagrant
gitee,src-anolis-ai/python-ipympl
github,GSA/ussm2.0
github,sublimemahesh/credit-master
github,adobe/assurance-plugins
github,yzhengfei/ai-coding
github,pushpay/fruitstand
github,juicedata/cli
github,Mentor-Mentee-Project/mentor-mentee
github,apiaryio/boost-move
github,MaksymKonin/project02-news
github,CoderDojo/community-platform
gitee,src-anolis-os/svt-av1
github,leonardo252/AlternaFood
github,rachitmehrotra1/devops-restapi
github,kaltura/playkit-js-audio-player
gitee,src-openeuler/jboss-el
github,DACSS/Social_Networks_Spring_2023
github,goldendeepkaur/PPS
github,s-hadinger/berry
github,receipt-project/receipt-java
gitee,src-openeuler/jboss-transaction-spi
gitee,src-openeuler/python-feedgenerator
github,PollySaa/java-filmorate
github,team-replace/replace-backend
gitee,src-openeuler/proxool
github,MercuryTechnologies/buck2-prelude
github,vados-cosmonic/wasmCloud
gitee,src-openeuler/wall_follower_ros2
github,adobe/helix-task-support
github,folio-org/mod-circulation-bff
github,esphome/aioesphomeapi
github,Gmarvis/whatsapp-clone
github,jminguely/eikon-flex-1
github,awesome-davian/awesome-reviews-kaist
github,AntonioFlores1/Empty-Line
github,golapadeok/fluo-fe
github,yeputons/hse-2019-pb-tasks
github,Ada-C13/string-manipulation-practice
github,sulzipteam/sulzip
github,NVIDIA/cuEquivariance
github,tetorapod-a/fleamarket_sample_77a
github,surveyjs/survey-analytics
github,cs361w2019-osu/sprint1-team-1
github,RHEcosystemAppEng/feast
github,antonjanzon95/gridmastercanvas
github,Lv-672-TAQC-Java-project/codeWars672
github,zaviagodev/frappe
github,MatthewScott-86/JobSkillsStatisticsWebsite
github,arlekin12089/webhop-watches
github,darkeris345/Winter-project-KOUDERIAI
github,ConductionNL/skeleton-gatsby
github,Gizra/og
github,California-Data-Collaborative/OWRScreator
github,Zipcoder/Maven.Spring-QuickPollApplication
github,react-native-website-migration/react-native-website
gitee,src-anolis-ai/gdcm
github,learn-co-students/first-ide-lab-vfa-2019
gitee,opencloudos-stream/libfreehand
github,gdsckoreahackathon2022/gdsckoreahackathon2022.github.io
github,LaTechnology/javaportal
github,joinpursuit/Pursuit-Core-Web-Unit-2-Assessment-6-4
github,Gyanthakur/Dev_Profiles
github,madskristensen/FileIcons
gitee,src-openeuler/R-base64enc
gitee,src-anolis-os/perl-XML-XPathEngine
gitee,src-openeuler/python-pyxdg
github,The-REACTive-DOMinators/react_catalog
github,SightPP/Intel_IXN_SightPP
gitee,src-openeuler/rubygem-serverengine
github,tpkreddy/Apssdc-git
github,KovalchukAIWE/foodies-front-end
github,BabylonianTeam/Babylonians
github,GlynLeine/RealisticPlantSim
github,cmm-20/final-project
github,CSID-DGU/2024-1-OSSP1-moodoodler-8
github,ZakharDay/UNIQ-101-002
github,fluencelabs/aquavm
github,peaksoft-school/bilingual-js11
github,The-Foragers/LeafyFriend
github,CryptoWorldLtd/CryptoNews
github,oicr-gsi/dimsum
github,wrytherUC/TrailAnywhere
github,SmartDroidies/e-angaadi-web
github,rfcx/arbimon-uploader
github,john-jebo/workshop
gitee,src-openeuler/python-zdaemon
github,jenkinsci/lib-async-http-client
github,hummingbird-me/kitsu-mobile
github,WilliamParsons/SlideShow
github,nyu-software-engineering/fall-2019-spotterfly
github,AY2425S1-CS2113-W14-3/tp
github,LoLMatch/frontend
github,kottz/D7039E
github,cobaltspeech/proto
github,appium/tutorial
gitee,openharmony-sig/fluttertpc_sqlite3.dart
github,Verizon/funnel
github,OTI-SRM/srm_project
github,liaten/kanban-board
github,GoodDollar/GoodDAPP
gitee,src-anolis-os/perl-Params-Classify
github,CSE574Spring2020/project-submission
github,gravitational/teleport-plugin-framework
github,Blue-Ocean-DBZ/vegetationstation
github,datana-gmbh/scanio-lite
github,NinaAguila/BA3101
github,Yuto-tus/final_assignment_front-yuto-
github,FilipMatys/MPR2015
github,Chartes-TNAH/dictionnaire
github,jocular-jaguars/GreatHunt
github,COSC481W-2020Fall/cosc481w-581-2020-fall-convoluted-classifiers
github,sweeneyde/3902-zelda-game
github,GeekHaven/WebD-Selection-23-24-Final-Tasks
github,capstone-travelbuddy/travelBuddy
github,dmkwis/TML-decoder
github,CinemaStyle/GR_3371
github,Montana-Code-School/git-your-message
github,barbarakos/QuizApp
gitee,src-anolis-ai/python-kornia
github,ataraxie/successorships
github,galynskyy/Goal
github,DizzyEggg/pokeemerald
gitee,src-openeuler/python-rsd-lib
github,rueljessica/CourseGenie
github,Foundation-19/Foundation-19
github,IvanLukyanau/LX.StaffScheduler.BE
github,unixnaresh/batch22aproject
github,COPS-IITBHU/hello-cops
github,kruzhok/ramat-gan
github,infoshareacademy/jjdz2-email
gitee,src-openeuler/python-olefile
github,coconut-svsm/svsm
gitee,src-anolis-os/sblim-cmpi-base
github,Exordium-Project/e-shop
github,cse442-spring-2020-offering/cse442-semester-project-d-s-get-degrees
github,SocratesAcademy/cjc
github,ClickHouse/doc-pr-preview-test
github,HackYourAssignment/databases-cohort48
gitee,src-openeuler/lohit-nepali-fonts
github,tsangjustin/taylorfit
gitee,src-anolis-os/crda
gitee,ekoclike/burst
gitee,opencloudos-stream/python-passlib
github,Saloed/softdev-2023-spring-task-2
gitee,src-anolis-os/python-webencodings
github,CMU-17-356/scheduleshare
github,gp1000-dev/gp-attendance
github,dda5gi/algo-study
gitee,src-openeuler/rubygem-docile
github,SI-RPL-2023/SI4401_KEL225_UKMFun
github,upesacm/21DaysOfCode-2023
github,mozilla/moz-l10n
github,GregorJosh/goit-project-01
github,AY2425S1-CS2103T-T08-4/tp
github,rowanDEJ/43-project-2
github,0lezhka/logos
github,nyu-devops22-orders/orders
gitee,src-openeuler/perl-bareword-filehandles
github,the-collab-lab/tcl-22-smart-shopping-list
github,XcooBee/xcoobee-js-sdk
gitee,src-anolis-os/osgi-compendium
github,Badjeck/TRIVIAAAAAAA
github,intuit/foremast
github,Integreat/gemeindeverzeichnis
github,EllieSky/PythonBootcamp_Summer2021
github,luiscastror9/MascostasApp
github,SoftverInzenjeringETFSA/SI2014Tim7
github,cyverse/qms
github,SebSchoeneberger/SnapTask-Fe
github,digitalinnovationone/trilha-net-banco-de-dados-desafio
gitee,src-openeuler/perl-DynaLoader-Functions
github,davedelong/calendar_fallacies
github,CitrusGender/tgstation
github,VitaliiPopov/Lv-481.SET-OpenCartTest
github,Aspire-Software-Solutions/RIVAL
gitee,opencloudos-stream/perl-CPAN-Meta-Check
github,JASantacruz/ISOFT2-2021-C03
github,Sarhsian/EasyRestTests
github,AT-08/coding
github,SoftmedTanzania/opensrp-client-chw-hf
github,Ebraheem1/Der-Algorithmus2
github,tebexio/BuycraftX
gitee,src-openeuler/perl-Test-LeakTrace
github,infoshareacademy/jcszr12-AionCode
gitee,src-openeuler/hunspell-eo
github,postmanlabs/observability-glog
github,ueckoken/www.koken.club.uec.ac.jp
gitee,src-openeuler/nodejs-asn1
github,zer0-os/zSale-SDK
github,oPhamQuangHung/g221_notes
github,andrewkfiedler/reveal
github,bcgov/cleanbc
github,Kushal997-das/Hacktoberfest-2024
gitee,src-anolis-os/aom
github,Emilce-Cano/RefactoringLifeAcademy
gitee,opencloudos-stream/kf5-solid
gitee,techlivewang/nativeShare.js
github,herdj/cs_361_400_f2020
github,trafilea/storefront-static
github,fe-nov22-WardNo6/product_catalog_frontend
github,CODAIT/hadoop-yarn-api-python-client
github,forktheonlyone/Funiture-OnlineShop
github,AvengersTraining/HoangBN_Laravel_PHPBT
github,meshkorea/springbootcamp
github,GuardosEpitech/Guardos
github,Azure/terraform-azurerm-avm-ptn-hci-ad-provisioner
gitee,src-openeuler/python-logutils
github,munyeol-Yoon/Permu
github,freedomofpress/securedrop-workstation
github,emqx/rabbitmq-common
github,agile-dev-assignments/project-setup-pinheiro-encompassing
github,zalandoresearch/psgan
github,evangadi/sample-repo
github,subodh30/Job-Analyzer
github,AT-03/RoomManager
github,LaughLog/laugh-log
github,alii/linear-style
github,DEbinger/CEGS
github,mate-academy/react_list-of-goods-js
github,hmcts/sscs-ccd-e2e-tests
github,tekperfect/devops-sandbox
github,svbrodersen/CSC207_project
github,MET-CS673/StockPortfolio
github,BlueberryMountainStudio/SlavicHuntress
github,smartmind-team/thanosql-docs
gitee,src-anolis-os/gnome-backgrounds
github,andela/blackninjas-frontend
github,michelboaventura/copper
github,cs4241-20a/a1-gettingstarted
github,seiyria/tournamentmango
github,Silent4Devs/suite-web
github,KodaCaleb/ShortStack
gitee,src-openeuler/spymemcached
gitee,opencloudos-stream/gnome-shell
github,thebadge/thebadge-website
github,rabbitonweb/chamberconf_pokoje
github,net375/theater-schedule-mobile
gitee,opencloudos-stream/kf5-kactivities
github,vladarama/cranki
github,urfit-tech/lodestar-app-admin
gitee,src-openeuler/perl-SVG
github,bizzzzi/weats_spring
gitee,src-openeuler/js-jquery
github,octopusden/octopus-dms-service
github,cloudfoundry/docs-dev-guide
github,QodeFarm/cnl-backend
github,LideLinusZhang/cs446-project
github,NaKaLiGoBa/AlgoWithMe-BE
github,Codeit-Sprint-6-Team16/Team16-Openmind
github,dirruk1/gnome-breeze
github,Year4-Games-Development/SBSP-A1-nav-combat
github,Clotonervo/Event-Planner
github,tstellar/llvm-project
github,Mindswap-6th-Edition-Final/final-project-be
github,labforward/laboperator-workflow-schema
github,materialsproject/api
github,GDSC-Algorithm-Study/Algorithm-study
github,Codeit-Sprint-Part-2-Team-6/Open-Mind
github,hackbots-3414/2022-Rapid_React
gitee,src-anolis-os/python-podman
github,kopaldeep/dlops_activity
github,SangNyungLee/useMDP
gitee,src-openeuler/nodejs-builtin-modules
github,Log-Road/Road_FrontEnd
github,puppetlabs/vmstatus
github,HAUT-SE-OOP/Assignment_05
github,devhouserepo/SKN-Page
github,pyro-ppl/community
github,OasysFoundation/Oasys-Toolbox-React
github,ScipioWright/Archipelago-SW
github,IBM/occupancy-insights-desk-sensors-tririga
gitee,opencloudos-stream/pyp2rpm
github,Projeto-grupo-05/projeto
github,DeryaYasar/CtisProjectNew
github,gregraudenbush/FlaskDebugQuiz
github,polrmn/kapusta-app
github,emmoldovan/internship_web-dev
github,skypro-backend/example-for-graduate-work
github,IgorZhosan/java-filmorate
github,yuriy-tsarenko/java_essential
github,ResurrectionRemix/Resurrection_packages_apps_Settings
gitee,src-openeuler/ct-ng
github,397-F19/LabCat-Native
github,ochan1/sp21cs184-final-project
github,gti-sos/SOS1920-05
github,hbz/laser-ygor
github,PLADI-ALM/PLADI-ALM-Web
gitee,openkylin/qpdf
github,AustinCodingAcademy/advanced-testing-practice
gitee,src-openeuler/perl-Dir-Manifest
github,Tartarus-RBK/Hospital-System
github,deepaksingh0207/bsms
github,hmrc/child-benefit-view-frontend
github,kontur-courses/fp
github,KyoshiNoda/Elevate
github,Thesergiolg99/festify-issues
github,kyma-project/cli
github,soramitsu/soramitsu-iroha-balancer
github,citec-spbu/Spatial-Data-ETL
github,bsidemyself/VillainousQuest
github,SEI-R-10-5/react-ajax-swapi
github,vinodkadam02/SpringBootApplication
github,mlp2018/fraud_detection
github,fenyx-it-academy/VIT-Python-8
github,Curlied/Front
github,exastro-suite/exastro-platform-dev
github,FacultadInformatica-LinkedData/Curso2018-2019
github,iamitsily/Molar-ui
gitee,opencloudos-stream/python-oslo-vmware
gitee,src-anolis-os/ocaml-bisect-ppx
github,brandonmousseau/vhvr-mod
github,ICP-hub/web3_date
github,Club-PARD/PARD_iOS
github,goodrain/market-api-python
github,Dongmanee/backend
github,CS2103AUG2016-W14-C4/main
github,Glazoff/client-server-template-with-vite
github,ThjodskrarLokaverk/BlazorSkraWebApp
github,Lehcim1995/Rekeningrijden
github,cs394-s19/325poke
github,CarlosMtz1281/CaritasMty_HealthApp
github,sequelize/sequelize-sscce
github,qmargo23/CWTB_SHELTER
github,josandre/front-end-medical-app
gitee,src-anolis-os/atomic
github,learn-co-students/sql-crowdfunding-lab-v-000
github,tcgdigital/ERSClient-Iteration2
gitee,src-openeuler/gz-tools
github,mulmagi/server
github,newrelic/nri-flex
github,ValerieSharandina/ForHomeWork_Git
github,robinagandhi/hello-world
gitee,src-openeuler/python-scikit-learn
gitee,openeuler/allwinner-kernel
github,ImagingDataCommons/slim
github,vovkatom/perfect-task
gitee,opencloudos-stream/soundtouch
github,UniCourt/Website-Workshop1
github,eaaristizabal1/OneSoftGroup
github,neetibut/responsive_web2
github,24-ITFO4-STDM-BRUE/12-03-JUnit-einfuehren
github,oleelnes/Sandbox
github,DigitalPlatform/dp2
github,morivden/InfoEnvExpr2JavaGame
github,learn-co-students/rails-form_tag-readme-v-000
gitee,src-openeuler/quay
github,OctopusDeploy/OctopusDSC
github,samply/open-telekom-cloud
gitee,opencloudos-stream/shaderc
gitee,openkylin/gzip
github,kamil3197/agile-project-TEAMB
github,brianalegre/OldEgg
github,IDR/upptime
gitee,you-yuan/AutoGeneratorCode
github,ihhub/penguinV
github,akoeplinger/runtime
github,GSG-G13/fluentoo
github,jeanfrancoisburnier/gr14
github,benja-iag/blockchain
github,AD1616/breadbops-frontend
github,ihollander/js-mini-challenge-prework
github,gotechnica/technica-site-2024
github,barcindia/Test
github,karmada-io/website
github,pyani-plus/pyani-plus
github,ec-utblidningar-web20-csharp-intro/Agile_Demo
github,outfitterExpert/main
gitee,openharmony/telephony_cellular_call
gitee,src-openeuler/perl-Env-C
github,hpi-sam/rl-4-self-repair
github,OneilMagno/Night-Owl-Project-Repo
github,isystem20/capstone_qcpeso
github,jereor/Paradise_Falls
github,sos-masters/sos-masters
github,IBM/cloud-databases-node-sdk
gitee,opencloudos-testing/snappy
github,abhisek247767/AI-ML-DL-Hacktoberfest2024-WB
gitee,opencloudos-stream/python-inflect
github,JoeDLehmanJr/Winter-2023-CPW226-Project-eCom
github,Lambda-School-Labs/care-for-life-fe
github,StuntsPT/pr_bio_2021-2022_assignments
github,ELEC2024-DEMACIANS-BSIT-32E1/ELEC2024_DEMACIANS_BSIT_32E1
github,MatiasViacava/BeeOrganizeedProject-Fronted
github,leemerlas/PrisonVisitApp-web-
github,maintth1807076/mystore
github,watson-developer-cloud/dotnet-standard-sdk
github,FRC2706/2023-2706-Fall-Poseidon
github,town-intelligent-beta/t-planet-cms
gitee,openharmony-sig/flutter_widget_from_html
github,Netflix-Skunkworks/oxidized
github,mesalock-linux/aho-corasick-sgx
github,shruthisalimath/TaskHive
github,The-CallBack-Cats/BagIt
github,digitrp/fivem-public-board
github,Ditogos/Project_Team_12
github,DUNE/duneana
github,Bdataplanet/To_fly_or_not_to_fly
github,KlutzyBubbles/alchemy-unbound-status
github,saki0311/cloud
github,radondb/k8s-radondb
github,CoderCollective-con-pen-ort-gon/CoderCollective
github,DishDelish/dishdelish-app
github,learn-co-students/rails-activerecord-model-rails-lab-v-000
gitee,src-anolis-os/python-configshell
gitee,src-anolis-os/perl-Log-Dispatch-FileRotate
github,hippospace/aptos-coin-list
github,urfu-2018/javascript-task-5
github,hzuapps/web-wechat-2019
github,tuanlam1610/20KTPM02-AWP-Project
github,gaikwadabhishek/F22-CS151-06
gitee,src-openeuler/perl-File-Zglob
github,Rolkarolka/Hello
gitee,src-anolis-os/vala
github,Emanuelsoniax/CATNIPCHIP
gitee,src-openeuler/perl-B-Hooks-OP-PPAddr
github,8848digital/erpnext
github,amitjuyal/MCAENDTERMEXAM
github,ds5010/vaccines-3
gitee,src-openeuler/ros2_rqt_srv
github,puppetlabs/education-control-repo
github,wirenboard/wb-nm-helper
github,DarrenVs/Cuboid
github,Spearritt/Soro-s-Island
github,theRAPTLab/meme-2023
github,confluentinc/rest-utils
github,thoughtstem/metacoders-dot-org
github,Verity-Freedom/Tor-Portable
github,Islandora-CLAW/islandora
github,DohuiKo/HUFS_MissingSemester_ToMeetGithubClass
github,pubnub/chat-engine
github,UB-CSE/course-project-codeville
gitee,src-openeuler/isula-rust-extensions
github,Sercanbrack/dnd-right-here
github,HigaTakehiro/GraduationWork
github,ros2/rosidl
github,Codubee/MathSkillsMW3-4-Front
github,andela/dark-knight-rc
github,ProgrammingLife2016/PL4-2016
gitee,opencloudos-stream/scala
gitee,src-openeuler/wdiff
github,t-romani/Target_MVD_Api_py
github,graeme-f/ISY-Sim1
github,DataDog/cloud-provider-azure
github,bgruening/galaxytools
github,Val832/produit_digital
github,UdL-EPS-SoftArch/seedbank-gei
github,SoftwareProjectIIGroep4/java
github,fe-jul22-team6/product_catalog
github,Dugner/StripStrap
github,knight-haven/turtle-tracker
github,irenewuu/villager-wishlist
github,mate-academy/qa_cypress_e2e_intro_adv
github,develhope/Java27-progetto3-team2
github,UETCodeCamp/node-camp-02
github,aminroosta/binary-static
github,Juebele/Wellness-App
github,Talend/ansible-role-mongodb
gitee,src-openeuler/dynamixel-workbench-msgs
github,openshift-online/ocm-cli
gitee,opencloudos-stream/sng
github,tabocu/finantial
github,shubhamrajrah/MazeShift-Marauders
github,DOPALTEC/Taller_Digitales_S2_2024
github,schmidt1024/uptime-mgb
github,tipsi2022/Group18-Predicting-League-of-Legends-Analytics
github,uchicago-bio/2015-Autumn-Forum
github,HelpLine-SPTech/helpline-app
github,team-megatron/chess-app
github,CodeYourFuture/Node-Coursework-Week3
github,Southeastern-Louisiana-University/cmps383-2024-sp-p03-cmps383-2024-sp-p03-g02
github,xtuml/chess
github,bcgov/moh-hnweb
github,pavel-pasechnik/energy-flow
github,IBM/nz-adbc
gitee,src-anolis-sig/hml
github,Kiresorg/tjx_csr_client_team_a
github,part2-1/fandom-k
github,katievandyk/hypothetical_meals
github,Medical-Information-Assistant-MIA/MIA-BE
github,tarunaidoo/Infrastructure_Management
github,aws-samples/aws-service-catalog-terraform-reference-architecture
github,scalableinternetservices/gigly
github,Aman22sharma/Hacktoberfest2021_beginner
github,os-autoinst/os-autoinst-distri-opensuse
github,UBC-MDS/DSCI-532_2024_17_Global-CO2-Emissions-Tracker
github,390-2020-09-Fall/foofactors
github,akvo/Akvo-Theme
github,hannerfirst/optimus-prime
gitee,src-anolis-ai/nnpack
gitee,src-openeuler/nodejs-debug
github,0chain/0chain
github,FINAL-TEAM4/itoxi-be
github,KFalcon2022/intensive-tasks
github,Sno-More/SnoMore
github,starlabspro-internship/TripMate
github,kubesphere/homebrew-tap
gitee,opencloudos-stream/nginx
github,CCISEL/ccisel.github.io
github,oscarrina/finalAri
gitee,src-openeuler/perl-CGI-Application-Plugin-MessageStack
github,Team-Eazy-Meal-Two/new-eazy-meals
github,ONSdigital/dp-legacy-cache-proxy
gitee,src-anolis-os/python-wcag-contrast-ratio
github,teamlead11/GitNew4
gitee,src-openeuler/kf5-baloo
github,reprograma/On2-projeto-final
gitee,src-openeuler/rqt_msg
github,ieeehyd-website/2019
github,udistrital/administrativa_cliente
github,File-Converter-Team/file-converter
gitee,openharmony/third_party_rust_reqwest
github,scrapperorg/client
github,Parade-Wisuda-Oktober-2024/parade-wisok
github,replicahq/graphhopper
github,Match4ze/4zemi
github,TechNodes2-0/ElectiveHub
gitee,opencloudos-stream/libva
gitee,src-openeuler/rubygem-rspec-mocks
github,Evgenii-Bazhaov/Hacktoberfest2024
github,itsMounir/Multi-Merchant-Store
github,AuroraBrune/graceFabrics
github,battle-buddies/battle-buddies
github,MarcoWL/flag-git-workshop
github,99003550/SDLC-Calculator
github,kiraacorsac/QuentinTeam
github,MarcoContreras23/AGRIMOP
github,babylon-finance/issues
github,woowacourse-precourse/kotlin-lotto-7
github,settintotrieste/Victoria-2-Cold-War-Enhancement-Mod-CWE
github,codex-team/hawk.android
gitee,src-anolis-dde/deepin-turbo
gitee,src-anolis-os/perl-YAML-PP
github,frost0807/coding-test-study
github,githubschool/NB-gh4d
gitee,src-openeuler/python-cinderlib
github,hackathon-22-winter-01/hackathon-22-winter-01_backend
github,CS3219-AY2324S1/ay2324s1-course-assessment-g23
github,dguenms/Dawn-of-Civilization
github,TAMULib/CatalogService
github,AaronWeber53/SRC-RP-Discussions
gitee,src-openeuler/hunspell-et
github,FIAP-tech-challenge-fast-food/fiap-tech-challenge-fast-food
github,motleystate/moonstone
github,Ryztiq/KaijuV2
github,geoext/geoext
github,mikeudacity/ai-term2-beta-feedback
github,ana-villalba/ProyectoFinal_DW_Grupo2
github,udaykumarjangra/algorithms
github,ICS-414-In5PIRE/in5PIRE-code
github,automation-tools-bootcamp/automation-tools-bootcamp
github,eppenney/eBook-Perpetual-Access-Rights-Tracker
github,coral-streaming/coral
github,soluxsolux/solux_git_assignment
github,McMasterAI/MacAI-Projects-Template
github,woowacourse-teams/2022-dallog
github,UMM-CSci-3601-S22/iteration-3-acerinox
github,AML-2304-NaturalLanguageProcessing/AmazonBooksRecommendation
github,infoshareacademy/jfdz10-nan-app
github,KaisongHuang/express
github,dzm-fiodarau/SOEN341-Project
github,kossiitkgp/sandbox
github,dxcli/generator-dxcli
gitee,src-anolis-os/perl-OLE-Storage_Lite
gitee,src-openeuler/bam
github,RoboticsTeam4904/2019-Code
github,MetaMask/dapps
github,rochafialvin/git-2104
github,Voyager003/modern_java_in_action
gitee,src-openeuler/perl-Regexp-Assemble-Compressed
github,SW705E19/frontend
gitee,src-openeuler/nodejs-graceful-fs
github,wandilediba/hashwork
github,joannashad/CEN4910
gitee,src-openeuler/rubygem-erubi
github,rdpeng/RepData_PeerAssessment1
github,google-research/remixmatch
github,4398TempleSpring2020/cscapstoneproject-infinitetrivia
github,Wear-Weather/wearweather-FE
github,novasamatech/opengov-delegate-registry
github,oxdc/obsidian-vertical-tabs
github,mapbox/callback-timeout
github,dftrakesh/shopify-admin-rest
github,johnsondavid1107/theresFoodAtHome
gitee,src-openeuler/python-pact
github,Berzzerk/Fcompany
github,andrewross4224/Launchpad
github,kuroshum/signate_lesson
github,CS2103AUG2016-W15-C4/main
github,calvin-cs262-fall2020-teamH/habitbuddy-client
github,matlury/klusteri-website
github,igor-bul/vyhodb
github,calebp80/Project-2
github,fdac19/students
github,capstoneiTA/Interactive_Teaching_Assistant
gitee,openkylin/glibmm
github,CS2103AUG2016-W13-C2/main
github,CodeYourFuture/bikes-for-refugees
github,Mongen-Initiative/mongen-frontend
gitee,src-openeuler/jfreechart
github,mozilla/nss-taskcluster
github,KatrinSkyba/summer
github,camp-team/prevention-project
github,mozilla-mobile/update-experiments
github,xsuchy/git-demo
github,shaman-apprentice/byteAndPixel
github,unity-sds/unity-cs
github,APP-Android2/FinalProject-ShoppingMallService-team5
github,Lv-567-TAQC/CodeWars567
github,rmt-06-florence-fox/fancy-todo
gitee,alfred-skyblue/v-scale-screen
github,antvis/.github
github,JJCSA/backend
github,IsabelGaleano/projectApp
github,MU-DBL/fatplants
github,larryTheCoder/SkyWarsForPE
github,shabananavas/drupal8-commerce-bluesnap
github,C2H2-UF/ScheduGator
github,crican1/rare-server-group-project
github,nanshan-high-school/20201112-homework-basic
github,suitmedia/suitcoda
github,janbeyer/FinanzApp
github,CordedWare/WarehouseManagementService
github,jminguely/17-amber
github,GDSC-Hongik/2023-2-Project-Track-FE
gitee,src-anolis-os/grilo-plugins
github,DesarrollAR2024/proyecto-ispc-2024
github,OliveirarDan/clickmed
gitee,openeuler-risc-v/opengauss-dcf
github,CS342/2023-Allergy
github,CS3398-Rio-Bobcats/CS3398-Rio-Bobcats-S2018
github,quay/claircore
github,2021-tutoring/blog-backend
github,Moobbot/BTL_CSE481_CNPM
github,engtech-projects/MAC-loans
github,omalam/COIS2240Assignment1
gitee,src-anolis-module/python36
github,amida-tech/indaba-client
github,malerie-earle/S4-FinalSprint-FrontEnd
github,Honzapda/Honzapda_iOS
github,UmerFq56/CSC207-GYMULI-
github,tailscale/tailetc
github,YixiongHao/spotify-wrapper
github,RogerMendez29/Group5Bookstore
github,prenda-school/prenda-school.github.io
gitee,opencloudos-stream/petsc
github,PictsManager/PictsManagerFront
github,railbotan/sql
gitee,src-openeuler/python-sphinx-tabs
github,dholliday3/ShelterMe_CS2340
gitee,src-anolis-dde/golang-gopkg-alecthomas-kingpin
github,tailscale/ssh
gitee,src-openeuler/python-notify2
github,GoodTY/9.Level-Design-System
gitee,opencloudos-stream/conmon
github,RoboRavens/RapidReact
github,is51/catan
github,erlinh/VisualNovel
github,sydsnow/OBRN
github,coordinote/coordinote
github,algonquindesign-grads/2019
github,Multiplanetary-Innovation-Enterprise/trencher
github,jenkinsci/ca-mat-performance-benchmarking-by-broadcom-plugin
github,Hack4Impact-UMD/Philippine-Nurses-Association-Of-America
github,vinmarin1/open_access_journal_c_ui
github,NeilDG/GDFUNDA_Dirty
gitee,src-anolis-os/python-nocasedict
gitee,openharmony/multimedia_av_codec
github,OneTachi/career_helpi
github,monitoria-ic-cc-ufpe/Projeto_WebDev_2019.2
github,Lindsayw89/CS321_W6_Hackathon
github,InFact-coop/create-refresh
github,nachosoloaga/target-mvd
github,10-1-pursuit/lab-request-response-cycle-api-postman
github,PNV-FE-specialize-module/FE-CMS-PROJECT
github,eunjung0122/PitaPet
github,moevm/mse_db_gen_tasks
github,khakaa/algorithm-study
gitee,src-openeuler/certmonger
gitee,src-openeuler/perl-L
github,mozilla-l10n/www.mozilla.org
github,LionTeam-17/CaloCheck
github,MMM-CalendarExt2/MMM-CalendarExt2
github,EnginyeriaSofwareUB/ES2017B1
gitee,src-anolis-os/palisade
github,deepset-ai/haystack-integrations
github,ClickHouse/kubernetes-event-exporter
github,ALOHA-CLASS/MSA9_BoardApp
github,mllam/neural-lam
github,oclif/plugin-interceptor
github,Dufuna-Fem/Dufuna18
github,ISPP-23-24-Grupo-3/musclemate-backend
github,Inteli-College/2024-1B-T02-EC10-G05
github,learn-co-students/simple-math-001-prework-web
github,khj0998/Invaders
github,rts-cmk-wu08/hifi-corner-topg-s
gitee,src-openeuler/ghc-word8
github,PhantomHunterRS/WorkFinal
github,HB9HIL/wavelog
github,aws-samples/deploying-unreal-engine-pixel-streaming-server-on-ec2
github,hossa95/AsuMathLabG07
github,mucsci-students/2022sp-420-AlarmSquad
github,esmf-org/esmf-test-artifacts
github,StarCitizenToolBox/uptime
github,containers/virtcontainers
github,fe-oct22-movva/product_catalog_client
github,arquillian/arquillian-cube
gitee,src-openeuler/python-EditorConfig
github,TNC-NMFO/NWLAND
github,nromanen/TAQC
github,Allen-ISD-Computer-Science/REPO_UltimateChess_2024
github,goharbor/website
github,Imperface/drinkon-frontend
github,amcharts/covid-charts
github,Arch666Angel/mods
github,OrangeScript/proyecto_misw4203
gitee,openkylin/tdb
gitee,opencloudos-stream/perl-Moo
github,DataDog/postgres
github,Kenny-NISLab/openlab-2022
gitee,openeuler-competition/summer2021-83
gitee,src-openeuler/nodejs-ebnf-parser
github,NewsCraftNews/NewsCraft
github,Snu0306/Project_Olive
github,navadon/269103-2565-2-mid
github,brandonngjh/TrainingMgmtWebApp
github,CMU-313/spring24-nodebb-sss
github,ferbihu/PF-GRUPAL
github,sbukhari17/Chi411
github,IFRS-Campus-Restinga/2024-1-TCC
github,openebs/openebs-docs
github,coursereviews/schedule
github,Pingu-Developers/InnosoftApp
github,jimenanemina1/grupo_7_code_review
github,Ada-C15/viewing-party
github,BSData/horus-heresy
github,tc-g8/acme-explorer
github,SCE-UMKC/ASESP2016_Blood-Donor_TEAM-4
github,enjiawu/MAD24_P02_Team1
github,shizuka12/final-tasks
github,TheBestofBest/FinalProj_BusinessBridge
github,MCastegnaro/UA-react-to-do-list
gitee,src-openeuler/python-dunamai
github,odoo-dev/odoo
github,HMAN1911/WDI_9_HOMEWORK
github,group3-final-project/news_frontend
github,rachaelbelle/goldstar
github,bluemindhan/laonShop
github,daluas/RoomPlanner
github,1OS-DevTeam/TodoPang
github,TheSecretOrganization/ft_transcendence
github,IsacZetterstrom/Frontend-Project
github,Sudhandiradhivya/ksr_newtask
gitee,src-anolis-os/python39
github,e-bing/Algorithm_study
github,alkemyTech/OT114-Server
github,SacOverflow/CAMEL-Services
gitee,opencloudos-stream/python-certifi
github,team-four-ics414/voluntree
github,chaeyeonS2/Duckling
github,airbnb/optica
github,kulotsystems/psub-bsit3b-2023
gitee,src-anolis-os/perl-Net-SMTP-SSL
github,netlogix/docker
github,duckietown/course-RH
github,georgijbudik/project-tastytreats
github,AlexandrPoddubnyi/command-project-js
github,yangyuebfsu/qiandao
gitee,opencloudos-stream/numad
github,JCristancho/GitAcademy
github,jenkinsci/appcircle-testing-distribution-plugin
github,IKS-cod/TW2
github,piraeusdatastore/website
gitee,src-anolis-os/httpd
github,Alekstitula84/project_05
gitee,opencloudos-stream/plexus-containers
github,DemocritusLang/Democritus
github,angelogluz/repo-aval
gitee,src-openeuler/ghc-conduit
github,BookLinkLab/booklink-front
github,1-system-group/Diary-Sample
github,SanaBootcamp2022-23/SanaCSharp01
github,davidgisbey/Airbnb_clone
github,Kiopp/Dungeon-Crawler-Game
github,Juuhva/AFP-nagy-projekt
github,radarhere/docker-images
gitee,src-anolis-ai/magma
github,Keigo50/EventApp
github,BooksForMarcus/BookStore
github,Tejas1510/Awesome-Javascript-and-React-Project
github,cjh-19/Recall
github,facebook/.github
github,GamesPoly/-
github,CSE-210/Exercise-Buddy-App
github,devcareer/team-hacknode-e-wallet-api
gitee,src-openeuler/perl-Log-Log4perl
github,TToon-main/ttoon-server
gitee,openharmony-tpc/chromium_third_party_colorama
github,AlexBravo24Ceteq/JavaOctubre2024
github,CodeYourFuture/JavaScript-Core-2-Coursework-Week1
github,INF16A/kochbuch-frontend
github,moevm/oop
github,KamilD90/projekt-grupa-3
github,dimpeshpanwar/javabasicprograms
github,IgorBulyzhenkov/team-project-react
github,cabinetoffice/gap-find-applicant-backend
github,davidkislyak/NC-Document-Online
github,Alessandro018/Eis-aQuestao
gitee,src-openeuler/hunspell-gu
github,Leonam1212/hr-control
github,kburk1997/RelieveMe
github,mozilla/kanbugger
gitee,opencloudos-stream/bouncycastle
github,cscareerhub/csch-web
github,anct-cnum/dashboard
github,cmangos/wotlk-db
gitee,opencloudos-stream/python-productmd
github,ratnesh-maurya/Educational-Tech-Exploration
github,EsDeSepa/GSI-2122-G04
github,Tejaswini21/92R_10KCoders
github,t9k/user-manuals
github,serakim1105/GEDCOM
github,OctoNezd/oldlander
github,utn-app-movil/examenI-tarea5
gitee,opencloudos-stream/perl-JSON-PP
github,Ada-C14/dynamic-programming
github,nanshan-high-school/toi-202004-novice
github,hi3g/freki
github,e1b18051/B18-Wallet
github,LaucataPe/edupluss
github,GiannettaGerardo/TicketYourTest
github,Devarasen/My-Fluffy-Friend
github,CombatExtendedRWMod/CombatExtended
github,brianbryank/game-haven
github,web-Nearest-car-wash/car_wash_backend
github,ga-wdi-exercises/haiku
github,matsuda13/hfmy
github,ReapOmen/open-media
github,Alfresco/chef-aps-core
github,micahkatz/cs4485-tutoring-website
github,collective-service/ifrc-gates-dashboard
github,Grsaiago/ft_transcendence
github,MikeSIOO/kotlin-team
gitee,src-anolis-ai/python-audioread
github,Redjumpman/Jumper-Plugins
github,ok-technopolis-2021/registration
github,NiME2151/Mittelstufenprojekt
github,ds-ga-1007/assignment6
github,enBloc-org/arebyte-plugin-v4
github,FancyMcPlugins/FancyNpcs
github,rockwiththis/rockwiththis-website
github,Evolitist/Heads-x-Hands-School-2022
github,wgitw/git-study
github,deep-dive-everything/typescript-with-react
github,Polymap4/polymap4-p4
github,ReshmiCode/ProductiviTree
github,BYUCS452F2019/budget-control
github,demoiselle/signer
gitee,openkylin/thunar-volman
github,orientechnologies/OrientDB-NET.binary
github,clearlinux/clear-linux-documentation
github,taosdata/taos-udf
github,pabdelhay/paloptl
github,cms-susy-soft-leptons/cmgtools-lite
github,vapor/fluent-postgres-driver
github,avincodes/UOK-Demo
gitee,src-openeuler/python3-docs
github,dimkr/tootik
github,Javier-Fermin/FinalChallenge-LoL
github,bitprj/people
github,primihub/cryptoTools
github,geogreck/ics9-compilers
github,SoftRyzen-internship/flora-decor
github,sakshipainuly/BSC-IT-2-MID-TERM-PRACTICAL
github,hmrc/income-tax-subscription-self-employed-frontend
github,AhmedAlmaghz/transformers
github,wizelineacademy/terraform-academy
github,movingpictures83/PipeViz
github,pace/cloud-sdk-capacitor-plugin
github,libretro/mame2003-libretro
gitee,src-anolis-os/perl-Module-Build-Tiny
github,AY2324S1-CS2103T-F10-1/tp
github,Matias-Villalobo/MarvelApp
github,owlprotocol/workspace-public
gitee,openeuler/wayca-scheduler-bench
gitee,opencloudos-stream/p11-kit
github,alkemyTech/OT242-Server
github,thaibevdevRTM/e-Act
github,cartermckinnon/amazon-eks-ami
github,PawelRachwal84/ZDboar4
github,MyElectricalData/myelectricaldata_import
github,ApollosProject/apollos-apps
gitee,src-openeuler/rqt_robot_plugins
github,bhumi1102/rails
github,HelpBerkeley/member-data
github,zammad/zammad-documentation
github,BCCN-Prog/dwd_2018
github,martirdev/monorepo
github,IshikawaMasato/visiontraining_2023
gitee,src-openeuler/libchewing
github,flerdacodeu/CodeU-2018-Group6
github,databricks/azure-relay-node
github,ez-algorithm/algorithm
gitee,src-anolis-os/perl-PPIx-Utilities
gitee,src-openeuler/ghc-StateVar
github,nbcamp-archive/kkuk-ios
github,kkim-hgu/oss2019spring
github,sysdiglabs/terraform-azurerm-secure
github,Droids-Stock-Trader/Stock_Trader
github,Angeld55/Object-oriented_programming_FMI
github,STih07/upmefrontend
github,nyu-software-engineering/recipe-recommender
github,WildCodeSchool/202302-orleans-php-project2-abeille
github,EPFL-ENAC/ALICE-ETHZ-AREMA
github,krakenjs/anemone-lingua
github,topcowmoo/futuristic-wound
github,TheKyleKirby/GAME-GALAXXY
gitee,src-openeuler/libkperf
github,KH-SIXSENSE-FINAL/KH_FINAL
github,SMARTRACTECHNOLOGY/smartcosmos-devkit
github,ironhack-labs/lab-express-basic-auth
gitee,src-openeuler/neo4j
github,minionzu/it2-2016
gitee,opencloudos-stream/lxc
github,dutchakyuliia/alpha-team__ice-cream
github,GDevelopApp/GDevelop-documentation
github,wilks625/MuscleMates
github,misk-fewd2/09_javascript_intro_hw
github,qbcore-framework/qb-clothing
github,franciuma/SisInfInt-Grupo-C
github,epassaro/tardis
github,UW-Madison-DataScience/countries
github,Computing-For-All/nextjs-issue-tracker
github,Code-4-Community/speak-for-the-trees
github,Saki-Ota/JS_practice
github,icefoganalytics/travel-authorization
github,USGS-R/regional-hydrologic-forcings-ml
github,ADS-Gang-of-Five/warikan-roulette
github,navikt/dialogmote
github,AlexeyKiselyov/wallet-reactor
gitee,src-openeuler/litehtml
github,dimatomilow/3D-Mode-team5
github,story-squad/tricktionary-fe
github,creechcorbin/to_be_adopted
github,yahoo/maha
github,DeveloperPetro/city-services
github,grails/grails-quartz
github,Tech-SummerCamp/tomonhun
github,random-development/resources-monitoring-system
gitee,src-openeuler/perl-MooseX-GlobRef
github,AppsLab-KE/backend-everyshilling
github,SU21-DevOps-Shopcart/shopcarts
github,htl-leo-itp-2325-4-5BHITM/drivers
github,CS3219-AY2324S1/ay2324s1-course-assessment-g25
github,GeekBrains2010/GitInstructionWorkshop_2023_12_17
github,learn-co-students/review-map-state-to-props-readme-v-000
github,CESNET/netopeer
github,CastleberryMedia/atomic-lab
github,learn-co-students/yield-and-return-values-v-000
github,KMUTT-CampusLink/campus-server
github,DunaevViktor/VJV-Survey
github,rust-vmm/vmm-reference
gitee,src-openeuler/felix-scr-annotations
github,farrellja/URD
github,IF-107-Ruby/paw-patrol
github,KienTMFPL23/Website_sell_soccer_shoes_bumblebee
github,SWP391-Group5-Gemify/Gemify
github,goodrain/stack-images
github,dunh-real/MockProject_112024
github,openai/neural-gpu
gitee,src-anolis-os/texi2html
gitee,src-openeuler/urdfdom_headers
gitee,src-openeuler/xfce4-weather-plugin
gitee,src-openeuler/perl-Mail-Message
github,CMarstonGamer/GamingCheeto
gitee,src-openeuler/perl-Test-Pod-Content
github,tavargas9/DishDiscovery
github,NokIkNick/SP2-WorkshopAPI-09-04-24
github,FeliciLab/dataLab
github,nus-tic4002-AY2122s2/ip
github,shentufoundation/testnet
github,ryanbas21/forgerock-javascript-sdk
github,gafu2317/AIScheduler
github,taichi-dev/rke2-aws-tf
github,simpleman19/eagleEvents
github,wDCat/ANRC
github,DaniAm94/travel-app
github,codesquad-members-2023/gaemi-marble-team-04
github,infinite-options/Project-Caitlin-Web
github,Ronal2710/TrabajoPW
github,aowenmeehanwork/CapabilityViewer
github,daledotshan/liferay-portal
github,nicgauthier/git-styleguide-workshop
gitee,src-openeuler/ros2_geometric_shapes
github,AlfianKamil9/afeksi-batch-3
github,Purcs3d/phishing-softhouse
github,elifatci/com.Buysellcycle_UI
github,CruzHacks/cruzhacks-2021-website
github,Aygun2210/crm_automation
github,nickroberts404/cs373-idb
github,sweIhm-ws2018-19/skillproject-fr-15
gitee,src-openeuler/ukui-notebook
github,jap-2024-grupo2/e-mercado
github,mykytapokasiuk/mimino-team-project
github,Altinn/altinn-register
github,mbuvimuia/AdidasSmartRecs
github,GrimCo/CoopLife2
github,RoryVaughn/VRBeerPong
github,Tournamanager/api
github,56duong/syncio-webapp
gitee,openeuler/ai-tools
github,codeu-su-19-team-48/team-48-codeu
github,WilhelmusLab/ebseg
github,RomanMyth/ShiftHappensMotors
github,OpenVisualCloud/Immersive-Video-Sample
github,Azure/fta-azuresecurity101
github,CMPUT301F21T36/OldHabitsDieHard
gitee,cyzshenzhen/GJP-tools-chrome-extension
gitee,src-openeuler/rubygem-coffee-script
github,MetaCell/c-elegans-app
github,se-edu/addressbook-level2
github,THartmanOfTheRedwoods/Java-Lab-001
github,gnimty/frontend-gnimty
gitee,src-openeuler/openstack-manila
github,Ensembl/ensembl-web-tools-api
github,galeslash/Aegis
github,alan-turing-institute/github-introduction
github,msoeSE/legalAidFinder
github,OBeeNya/42_ft_transcendence
github,colewebb/group-8
github,AlSaqr-platform/cva6
github,OpusCapita/supplier
gitee,src-openeuler/hyphen-te
github,f-lab-edu/delivery-food
github,scrowl-io/scrowl
github,CS3398-Rust-Buckets/S2017
github,auditplus/pg-graphql
github,Dcao23/TripsTogo
github,hunter-college-ossd-spr-2020/project-evaluation
github,edwin-do/capstoneTeam30
gitee,anolis/linyaps
gitee,src-openeuler/perl-constant-boolean
gitee,opencloudos-stream/perl-Software-License
github,wharfkit/cli
gitee,opencloudos-stream/python-cccolutils
github,iTALC/italc
github,FinalAngel/django-cms
github,ShoyaSuzuki-bst/todo-list
github,henriksen-marcus/Moose-Gamification
github,bar-d/AlgorithmStudy
github,COMP231W21-G3/COMP231W21_G3_PHONNECT
github,snu-stat/stat326_621a-2018-hw2
github,Zarebin/nextgen-js-4
github,kaltura/server-native-utils
github,darenegade/BookNBlock
github,BinarCode/blog-intership
github,glebek2h/EHitchhiking
